block_index,category,dtype,key,nbytes,numel,shape,size,submodule
,v2.quality_anchor,BFLOAT16,net.anima_v2_connector.quality_anchor.layer_mix_logits,,24,"[6, 4]",N/A,net.anima_v2_connector.quality_anchor.layer_mix_logits
,v2.quality_anchor,BFLOAT16,net.anima_v2_connector.quality_anchor.query_norms.0.weight,,1024,[1024],N/A,net.anima_v2_connector.quality_anchor.query_norms.0.weight
,v2.quality_anchor,BFLOAT16,net.anima_v2_connector.quality_anchor.query_norms.1.weight,,1024,[1024],N/A,net.anima_v2_connector.quality_anchor.query_norms.1.weight
,v2.quality_anchor,BFLOAT16,net.anima_v2_connector.quality_anchor.query_norms.2.weight,,1024,[1024],N/A,net.anima_v2_connector.quality_anchor.query_norms.2.weight
,v2.quality_anchor,BFLOAT16,net.anima_v2_connector.quality_anchor.query_norms.3.weight,,1024,[1024],N/A,net.anima_v2_connector.quality_anchor.query_norms.3.weight
,v2.quality_anchor,BFLOAT16,net.anima_v2_connector.quality_anchor.query_norms.4.weight,,1024,[1024],N/A,net.anima_v2_connector.quality_anchor.query_norms.4.weight
,v2.quality_anchor,BFLOAT16,net.anima_v2_connector.quality_anchor.query_norms.5.weight,,1024,[1024],N/A,net.anima_v2_connector.quality_anchor.query_norms.5.weight
,v2.quality_anchor,BFLOAT16,net.anima_v2_connector.quality_anchor.semantic_attentions.0.k_norm.weight,,64,[64],N/A,net.anima_v2_connector.quality_anchor.semantic_attentions.0.k_norm.weight
,v2.quality_anchor,BFLOAT16,net.anima_v2_connector.quality_anchor.semantic_attentions.0.k_proj.weight,,2621440,"[1024, 2560]",N/A,net.anima_v2_connector.quality_anchor.semantic_attentions.0.k_proj.weight
,v2.quality_anchor,BFLOAT16,net.anima_v2_connector.quality_anchor.semantic_attentions.0.o_proj.weight,,1048576,"[1024, 1024]",N/A,net.anima_v2_connector.quality_anchor.semantic_attentions.0.o_proj.weight
,v2.quality_anchor,BFLOAT16,net.anima_v2_connector.quality_anchor.semantic_attentions.0.q_norm.weight,,64,[64],N/A,net.anima_v2_connector.quality_anchor.semantic_attentions.0.q_norm.weight
,v2.quality_anchor,BFLOAT16,net.anima_v2_connector.quality_anchor.semantic_attentions.0.q_proj.weight,,1048576,"[1024, 1024]",N/A,net.anima_v2_connector.quality_anchor.semantic_attentions.0.q_proj.weight
,v2.quality_anchor,BFLOAT16,net.anima_v2_connector.quality_anchor.semantic_attentions.0.v_proj.weight,,2621440,"[1024, 2560]",N/A,net.anima_v2_connector.quality_anchor.semantic_attentions.0.v_proj.weight
,v2.quality_anchor,BFLOAT16,net.anima_v2_connector.quality_anchor.semantic_attentions.1.k_norm.weight,,64,[64],N/A,net.anima_v2_connector.quality_anchor.semantic_attentions.1.k_norm.weight
,v2.quality_anchor,BFLOAT16,net.anima_v2_connector.quality_anchor.semantic_attentions.1.k_proj.weight,,2621440,"[1024, 2560]",N/A,net.anima_v2_connector.quality_anchor.semantic_attentions.1.k_proj.weight
,v2.quality_anchor,BFLOAT16,net.anima_v2_connector.quality_anchor.semantic_attentions.1.o_proj.weight,,1048576,"[1024, 1024]",N/A,net.anima_v2_connector.quality_anchor.semantic_attentions.1.o_proj.weight
,v2.quality_anchor,BFLOAT16,net.anima_v2_connector.quality_anchor.semantic_attentions.1.q_norm.weight,,64,[64],N/A,net.anima_v2_connector.quality_anchor.semantic_attentions.1.q_norm.weight
,v2.quality_anchor,BFLOAT16,net.anima_v2_connector.quality_anchor.semantic_attentions.1.q_proj.weight,,1048576,"[1024, 1024]",N/A,net.anima_v2_connector.quality_anchor.semantic_attentions.1.q_proj.weight
,v2.quality_anchor,BFLOAT16,net.anima_v2_connector.quality_anchor.semantic_attentions.1.v_proj.weight,,2621440,"[1024, 2560]",N/A,net.anima_v2_connector.quality_anchor.semantic_attentions.1.v_proj.weight
,v2.quality_anchor,BFLOAT16,net.anima_v2_connector.quality_anchor.semantic_attentions.2.k_norm.weight,,64,[64],N/A,net.anima_v2_connector.quality_anchor.semantic_attentions.2.k_norm.weight
,v2.quality_anchor,BFLOAT16,net.anima_v2_connector.quality_anchor.semantic_attentions.2.k_proj.weight,,2621440,"[1024, 2560]",N/A,net.anima_v2_connector.quality_anchor.semantic_attentions.2.k_proj.weight
,v2.quality_anchor,BFLOAT16,net.anima_v2_connector.quality_anchor.semantic_attentions.2.o_proj.weight,,1048576,"[1024, 1024]",N/A,net.anima_v2_connector.quality_anchor.semantic_attentions.2.o_proj.weight
,v2.quality_anchor,BFLOAT16,net.anima_v2_connector.quality_anchor.semantic_attentions.2.q_norm.weight,,64,[64],N/A,net.anima_v2_connector.quality_anchor.semantic_attentions.2.q_norm.weight
,v2.quality_anchor,BFLOAT16,net.anima_v2_connector.quality_anchor.semantic_attentions.2.q_proj.weight,,1048576,"[1024, 1024]",N/A,net.anima_v2_connector.quality_anchor.semantic_attentions.2.q_proj.weight
,v2.quality_anchor,BFLOAT16,net.anima_v2_connector.quality_anchor.semantic_attentions.2.v_proj.weight,,2621440,"[1024, 2560]",N/A,net.anima_v2_connector.quality_anchor.semantic_attentions.2.v_proj.weight
,v2.quality_anchor,BFLOAT16,net.anima_v2_connector.quality_anchor.semantic_attentions.3.k_norm.weight,,64,[64],N/A,net.anima_v2_connector.quality_anchor.semantic_attentions.3.k_norm.weight
,v2.quality_anchor,BFLOAT16,net.anima_v2_connector.quality_anchor.semantic_attentions.3.k_proj.weight,,2621440,"[1024, 2560]",N/A,net.anima_v2_connector.quality_anchor.semantic_attentions.3.k_proj.weight
,v2.quality_anchor,BFLOAT16,net.anima_v2_connector.quality_anchor.semantic_attentions.3.o_proj.weight,,1048576,"[1024, 1024]",N/A,net.anima_v2_connector.quality_anchor.semantic_attentions.3.o_proj.weight
,v2.quality_anchor,BFLOAT16,net.anima_v2_connector.quality_anchor.semantic_attentions.3.q_norm.weight,,64,[64],N/A,net.anima_v2_connector.quality_anchor.semantic_attentions.3.q_norm.weight
,v2.quality_anchor,BFLOAT16,net.anima_v2_connector.quality_anchor.semantic_attentions.3.q_proj.weight,,1048576,"[1024, 1024]",N/A,net.anima_v2_connector.quality_anchor.semantic_attentions.3.q_proj.weight
,v2.quality_anchor,BFLOAT16,net.anima_v2_connector.quality_anchor.semantic_attentions.3.v_proj.weight,,2621440,"[1024, 2560]",N/A,net.anima_v2_connector.quality_anchor.semantic_attentions.3.v_proj.weight
,v2.quality_anchor,BFLOAT16,net.anima_v2_connector.quality_anchor.semantic_attentions.4.k_norm.weight,,64,[64],N/A,net.anima_v2_connector.quality_anchor.semantic_attentions.4.k_norm.weight
,v2.quality_anchor,BFLOAT16,net.anima_v2_connector.quality_anchor.semantic_attentions.4.k_proj.weight,,2621440,"[1024, 2560]",N/A,net.anima_v2_connector.quality_anchor.semantic_attentions.4.k_proj.weight
,v2.quality_anchor,BFLOAT16,net.anima_v2_connector.quality_anchor.semantic_attentions.4.o_proj.weight,,1048576,"[1024, 1024]",N/A,net.anima_v2_connector.quality_anchor.semantic_attentions.4.o_proj.weight
,v2.quality_anchor,BFLOAT16,net.anima_v2_connector.quality_anchor.semantic_attentions.4.q_norm.weight,,64,[64],N/A,net.anima_v2_connector.quality_anchor.semantic_attentions.4.q_norm.weight
,v2.quality_anchor,BFLOAT16,net.anima_v2_connector.quality_anchor.semantic_attentions.4.q_proj.weight,,1048576,"[1024, 1024]",N/A,net.anima_v2_connector.quality_anchor.semantic_attentions.4.q_proj.weight
,v2.quality_anchor,BFLOAT16,net.anima_v2_connector.quality_anchor.semantic_attentions.4.v_proj.weight,,2621440,"[1024, 2560]",N/A,net.anima_v2_connector.quality_anchor.semantic_attentions.4.v_proj.weight
,v2.quality_anchor,BFLOAT16,net.anima_v2_connector.quality_anchor.semantic_attentions.5.k_norm.weight,,64,[64],N/A,net.anima_v2_connector.quality_anchor.semantic_attentions.5.k_norm.weight
,v2.quality_anchor,BFLOAT16,net.anima_v2_connector.quality_anchor.semantic_attentions.5.k_proj.weight,,2621440,"[1024, 2560]",N/A,net.anima_v2_connector.quality_anchor.semantic_attentions.5.k_proj.weight
,v2.quality_anchor,BFLOAT16,net.anima_v2_connector.quality_anchor.semantic_attentions.5.o_proj.weight,,1048576,"[1024, 1024]",N/A,net.anima_v2_connector.quality_anchor.semantic_attentions.5.o_proj.weight
,v2.quality_anchor,BFLOAT16,net.anima_v2_connector.quality_anchor.semantic_attentions.5.q_norm.weight,,64,[64],N/A,net.anima_v2_connector.quality_anchor.semantic_attentions.5.q_norm.weight
,v2.quality_anchor,BFLOAT16,net.anima_v2_connector.quality_anchor.semantic_attentions.5.q_proj.weight,,1048576,"[1024, 1024]",N/A,net.anima_v2_connector.quality_anchor.semantic_attentions.5.q_proj.weight
,v2.quality_anchor,BFLOAT16,net.anima_v2_connector.quality_anchor.semantic_attentions.5.v_proj.weight,,2621440,"[1024, 2560]",N/A,net.anima_v2_connector.quality_anchor.semantic_attentions.5.v_proj.weight
,v2.quality_anchor,BFLOAT16,net.anima_v2_connector.quality_anchor.source_norms.0.weight,,2560,[2560],N/A,net.anima_v2_connector.quality_anchor.source_norms.0.weight
,v2.quality_anchor,BFLOAT16,net.anima_v2_connector.quality_anchor.source_norms.1.weight,,2560,[2560],N/A,net.anima_v2_connector.quality_anchor.source_norms.1.weight
,v2.quality_anchor,BFLOAT16,net.anima_v2_connector.quality_anchor.source_norms.2.weight,,2560,[2560],N/A,net.anima_v2_connector.quality_anchor.source_norms.2.weight
,v2.quality_anchor,BFLOAT16,net.anima_v2_connector.quality_anchor.source_norms.3.weight,,2560,[2560],N/A,net.anima_v2_connector.quality_anchor.source_norms.3.weight
,v2.quality_anchor,BFLOAT16,net.anima_v2_connector.quality_anchor.source_norms.4.weight,,2560,[2560],N/A,net.anima_v2_connector.quality_anchor.source_norms.4.weight
,v2.quality_anchor,BFLOAT16,net.anima_v2_connector.quality_anchor.source_norms.5.weight,,2560,[2560],N/A,net.anima_v2_connector.quality_anchor.source_norms.5.weight
0,v2.semantic_resampler,BFLOAT16,net.anima_v2_connector.semantic_resampler.blocks.0.cross_attention.k_proj.weight,,5242880,"[2048, 2560]",N/A,net.anima_v2_connector.semantic_resampler.blocks.0.cross_attention.k_proj.weight
0,v2.semantic_resampler,BFLOAT16,net.anima_v2_connector.semantic_resampler.blocks.0.cross_attention.o_proj.weight,,4194304,"[2048, 2048]",N/A,net.anima_v2_connector.semantic_resampler.blocks.0.cross_attention.o_proj.weight
0,v2.semantic_resampler,BFLOAT16,net.anima_v2_connector.semantic_resampler.blocks.0.cross_attention.q_proj.weight,,4194304,"[2048, 2048]",N/A,net.anima_v2_connector.semantic_resampler.blocks.0.cross_attention.q_proj.weight
0,v2.semantic_resampler,BFLOAT16,net.anima_v2_connector.semantic_resampler.blocks.0.cross_attention.v_proj.weight,,5242880,"[2048, 2560]",N/A,net.anima_v2_connector.semantic_resampler.blocks.0.cross_attention.v_proj.weight
0,v2.semantic_resampler,BFLOAT16,net.anima_v2_connector.semantic_resampler.blocks.0.mlp_in.weight,,23068672,"[11264, 2048]",N/A,net.anima_v2_connector.semantic_resampler.blocks.0.mlp_in.weight
0,v2.semantic_resampler,BFLOAT16,net.anima_v2_connector.semantic_resampler.blocks.0.mlp_out.weight,,11534336,"[2048, 5632]",N/A,net.anima_v2_connector.semantic_resampler.blocks.0.mlp_out.weight
0,v2.semantic_resampler,BFLOAT16,net.anima_v2_connector.semantic_resampler.blocks.0.self_attention.k_proj.weight,,4194304,"[2048, 2048]",N/A,net.anima_v2_connector.semantic_resampler.blocks.0.self_attention.k_proj.weight
0,v2.semantic_resampler,BFLOAT16,net.anima_v2_connector.semantic_resampler.blocks.0.self_attention.o_proj.weight,,4194304,"[2048, 2048]",N/A,net.anima_v2_connector.semantic_resampler.blocks.0.self_attention.o_proj.weight
0,v2.semantic_resampler,BFLOAT16,net.anima_v2_connector.semantic_resampler.blocks.0.self_attention.q_proj.weight,,4194304,"[2048, 2048]",N/A,net.anima_v2_connector.semantic_resampler.blocks.0.self_attention.q_proj.weight
0,v2.semantic_resampler,BFLOAT16,net.anima_v2_connector.semantic_resampler.blocks.0.self_attention.v_proj.weight,,4194304,"[2048, 2048]",N/A,net.anima_v2_connector.semantic_resampler.blocks.0.self_attention.v_proj.weight
0,v2.semantic_resampler,BFLOAT16,net.anima_v2_connector.semantic_resampler.blocks.0.source_norm.bias,,2560,[2560],N/A,net.anima_v2_connector.semantic_resampler.blocks.0.source_norm.bias
0,v2.semantic_resampler,BFLOAT16,net.anima_v2_connector.semantic_resampler.blocks.0.source_norm.weight,,2560,[2560],N/A,net.anima_v2_connector.semantic_resampler.blocks.0.source_norm.weight
0,v2.semantic_resampler,BFLOAT16,net.anima_v2_connector.semantic_resampler.blocks.0.time_modulation.bias,,12288,[12288],N/A,net.anima_v2_connector.semantic_resampler.blocks.0.time_modulation.bias
0,v2.semantic_resampler,BFLOAT16,net.anima_v2_connector.semantic_resampler.blocks.0.time_modulation.weight,,25165824,"[12288, 2048]",N/A,net.anima_v2_connector.semantic_resampler.blocks.0.time_modulation.weight
1,v2.semantic_resampler,BFLOAT16,net.anima_v2_connector.semantic_resampler.blocks.1.cross_attention.k_proj.weight,,5242880,"[2048, 2560]",N/A,net.anima_v2_connector.semantic_resampler.blocks.1.cross_attention.k_proj.weight
1,v2.semantic_resampler,BFLOAT16,net.anima_v2_connector.semantic_resampler.blocks.1.cross_attention.o_proj.weight,,4194304,"[2048, 2048]",N/A,net.anima_v2_connector.semantic_resampler.blocks.1.cross_attention.o_proj.weight
1,v2.semantic_resampler,BFLOAT16,net.anima_v2_connector.semantic_resampler.blocks.1.cross_attention.q_proj.weight,,4194304,"[2048, 2048]",N/A,net.anima_v2_connector.semantic_resampler.blocks.1.cross_attention.q_proj.weight
1,v2.semantic_resampler,BFLOAT16,net.anima_v2_connector.semantic_resampler.blocks.1.cross_attention.v_proj.weight,,5242880,"[2048, 2560]",N/A,net.anima_v2_connector.semantic_resampler.blocks.1.cross_attention.v_proj.weight
1,v2.semantic_resampler,BFLOAT16,net.anima_v2_connector.semantic_resampler.blocks.1.mlp_in.weight,,23068672,"[11264, 2048]",N/A,net.anima_v2_connector.semantic_resampler.blocks.1.mlp_in.weight
1,v2.semantic_resampler,BFLOAT16,net.anima_v2_connector.semantic_resampler.blocks.1.mlp_out.weight,,11534336,"[2048, 5632]",N/A,net.anima_v2_connector.semantic_resampler.blocks.1.mlp_out.weight
1,v2.semantic_resampler,BFLOAT16,net.anima_v2_connector.semantic_resampler.blocks.1.self_attention.k_proj.weight,,4194304,"[2048, 2048]",N/A,net.anima_v2_connector.semantic_resampler.blocks.1.self_attention.k_proj.weight
1,v2.semantic_resampler,BFLOAT16,net.anima_v2_connector.semantic_resampler.blocks.1.self_attention.o_proj.weight,,4194304,"[2048, 2048]",N/A,net.anima_v2_connector.semantic_resampler.blocks.1.self_attention.o_proj.weight
1,v2.semantic_resampler,BFLOAT16,net.anima_v2_connector.semantic_resampler.blocks.1.self_attention.q_proj.weight,,4194304,"[2048, 2048]",N/A,net.anima_v2_connector.semantic_resampler.blocks.1.self_attention.q_proj.weight
1,v2.semantic_resampler,BFLOAT16,net.anima_v2_connector.semantic_resampler.blocks.1.self_attention.v_proj.weight,,4194304,"[2048, 2048]",N/A,net.anima_v2_connector.semantic_resampler.blocks.1.self_attention.v_proj.weight
1,v2.semantic_resampler,BFLOAT16,net.anima_v2_connector.semantic_resampler.blocks.1.source_norm.bias,,2560,[2560],N/A,net.anima_v2_connector.semantic_resampler.blocks.1.source_norm.bias
1,v2.semantic_resampler,BFLOAT16,net.anima_v2_connector.semantic_resampler.blocks.1.source_norm.weight,,2560,[2560],N/A,net.anima_v2_connector.semantic_resampler.blocks.1.source_norm.weight
1,v2.semantic_resampler,BFLOAT16,net.anima_v2_connector.semantic_resampler.blocks.1.time_modulation.bias,,12288,[12288],N/A,net.anima_v2_connector.semantic_resampler.blocks.1.time_modulation.bias
1,v2.semantic_resampler,BFLOAT16,net.anima_v2_connector.semantic_resampler.blocks.1.time_modulation.weight,,25165824,"[12288, 2048]",N/A,net.anima_v2_connector.semantic_resampler.blocks.1.time_modulation.weight
2,v2.semantic_resampler,BFLOAT16,net.anima_v2_connector.semantic_resampler.blocks.2.cross_attention.k_proj.weight,,5242880,"[2048, 2560]",N/A,net.anima_v2_connector.semantic_resampler.blocks.2.cross_attention.k_proj.weight
2,v2.semantic_resampler,BFLOAT16,net.anima_v2_connector.semantic_resampler.blocks.2.cross_attention.o_proj.weight,,4194304,"[2048, 2048]",N/A,net.anima_v2_connector.semantic_resampler.blocks.2.cross_attention.o_proj.weight
2,v2.semantic_resampler,BFLOAT16,net.anima_v2_connector.semantic_resampler.blocks.2.cross_attention.q_proj.weight,,4194304,"[2048, 2048]",N/A,net.anima_v2_connector.semantic_resampler.blocks.2.cross_attention.q_proj.weight
2,v2.semantic_resampler,BFLOAT16,net.anima_v2_connector.semantic_resampler.blocks.2.cross_attention.v_proj.weight,,5242880,"[2048, 2560]",N/A,net.anima_v2_connector.semantic_resampler.blocks.2.cross_attention.v_proj.weight
2,v2.semantic_resampler,BFLOAT16,net.anima_v2_connector.semantic_resampler.blocks.2.mlp_in.weight,,23068672,"[11264, 2048]",N/A,net.anima_v2_connector.semantic_resampler.blocks.2.mlp_in.weight
2,v2.semantic_resampler,BFLOAT16,net.anima_v2_connector.semantic_resampler.blocks.2.mlp_out.weight,,11534336,"[2048, 5632]",N/A,net.anima_v2_connector.semantic_resampler.blocks.2.mlp_out.weight
2,v2.semantic_resampler,BFLOAT16,net.anima_v2_connector.semantic_resampler.blocks.2.self_attention.k_proj.weight,,4194304,"[2048, 2048]",N/A,net.anima_v2_connector.semantic_resampler.blocks.2.self_attention.k_proj.weight
2,v2.semantic_resampler,BFLOAT16,net.anima_v2_connector.semantic_resampler.blocks.2.self_attention.o_proj.weight,,4194304,"[2048, 2048]",N/A,net.anima_v2_connector.semantic_resampler.blocks.2.self_attention.o_proj.weight
2,v2.semantic_resampler,BFLOAT16,net.anima_v2_connector.semantic_resampler.blocks.2.self_attention.q_proj.weight,,4194304,"[2048, 2048]",N/A,net.anima_v2_connector.semantic_resampler.blocks.2.self_attention.q_proj.weight
2,v2.semantic_resampler,BFLOAT16,net.anima_v2_connector.semantic_resampler.blocks.2.self_attention.v_proj.weight,,4194304,"[2048, 2048]",N/A,net.anima_v2_connector.semantic_resampler.blocks.2.self_attention.v_proj.weight
2,v2.semantic_resampler,BFLOAT16,net.anima_v2_connector.semantic_resampler.blocks.2.source_norm.bias,,2560,[2560],N/A,net.anima_v2_connector.semantic_resampler.blocks.2.source_norm.bias
2,v2.semantic_resampler,BFLOAT16,net.anima_v2_connector.semantic_resampler.blocks.2.source_norm.weight,,2560,[2560],N/A,net.anima_v2_connector.semantic_resampler.blocks.2.source_norm.weight
2,v2.semantic_resampler,BFLOAT16,net.anima_v2_connector.semantic_resampler.blocks.2.time_modulation.bias,,12288,[12288],N/A,net.anima_v2_connector.semantic_resampler.blocks.2.time_modulation.bias
2,v2.semantic_resampler,BFLOAT16,net.anima_v2_connector.semantic_resampler.blocks.2.time_modulation.weight,,25165824,"[12288, 2048]",N/A,net.anima_v2_connector.semantic_resampler.blocks.2.time_modulation.weight
3,v2.semantic_resampler,BFLOAT16,net.anima_v2_connector.semantic_resampler.blocks.3.cross_attention.k_proj.weight,,5242880,"[2048, 2560]",N/A,net.anima_v2_connector.semantic_resampler.blocks.3.cross_attention.k_proj.weight
3,v2.semantic_resampler,BFLOAT16,net.anima_v2_connector.semantic_resampler.blocks.3.cross_attention.o_proj.weight,,4194304,"[2048, 2048]",N/A,net.anima_v2_connector.semantic_resampler.blocks.3.cross_attention.o_proj.weight
3,v2.semantic_resampler,BFLOAT16,net.anima_v2_connector.semantic_resampler.blocks.3.cross_attention.q_proj.weight,,4194304,"[2048, 2048]",N/A,net.anima_v2_connector.semantic_resampler.blocks.3.cross_attention.q_proj.weight
3,v2.semantic_resampler,BFLOAT16,net.anima_v2_connector.semantic_resampler.blocks.3.cross_attention.v_proj.weight,,5242880,"[2048, 2560]",N/A,net.anima_v2_connector.semantic_resampler.blocks.3.cross_attention.v_proj.weight
3,v2.semantic_resampler,BFLOAT16,net.anima_v2_connector.semantic_resampler.blocks.3.mlp_in.weight,,23068672,"[11264, 2048]",N/A,net.anima_v2_connector.semantic_resampler.blocks.3.mlp_in.weight
3,v2.semantic_resampler,BFLOAT16,net.anima_v2_connector.semantic_resampler.blocks.3.mlp_out.weight,,11534336,"[2048, 5632]",N/A,net.anima_v2_connector.semantic_resampler.blocks.3.mlp_out.weight
3,v2.semantic_resampler,BFLOAT16,net.anima_v2_connector.semantic_resampler.blocks.3.self_attention.k_proj.weight,,4194304,"[2048, 2048]",N/A,net.anima_v2_connector.semantic_resampler.blocks.3.self_attention.k_proj.weight
3,v2.semantic_resampler,BFLOAT16,net.anima_v2_connector.semantic_resampler.blocks.3.self_attention.o_proj.weight,,4194304,"[2048, 2048]",N/A,net.anima_v2_connector.semantic_resampler.blocks.3.self_attention.o_proj.weight
3,v2.semantic_resampler,BFLOAT16,net.anima_v2_connector.semantic_resampler.blocks.3.self_attention.q_proj.weight,,4194304,"[2048, 2048]",N/A,net.anima_v2_connector.semantic_resampler.blocks.3.self_attention.q_proj.weight
3,v2.semantic_resampler,BFLOAT16,net.anima_v2_connector.semantic_resampler.blocks.3.self_attention.v_proj.weight,,4194304,"[2048, 2048]",N/A,net.anima_v2_connector.semantic_resampler.blocks.3.self_attention.v_proj.weight
3,v2.semantic_resampler,BFLOAT16,net.anima_v2_connector.semantic_resampler.blocks.3.source_norm.bias,,2560,[2560],N/A,net.anima_v2_connector.semantic_resampler.blocks.3.source_norm.bias
3,v2.semantic_resampler,BFLOAT16,net.anima_v2_connector.semantic_resampler.blocks.3.source_norm.weight,,2560,[2560],N/A,net.anima_v2_connector.semantic_resampler.blocks.3.source_norm.weight
3,v2.semantic_resampler,BFLOAT16,net.anima_v2_connector.semantic_resampler.blocks.3.time_modulation.bias,,12288,[12288],N/A,net.anima_v2_connector.semantic_resampler.blocks.3.time_modulation.bias
3,v2.semantic_resampler,BFLOAT16,net.anima_v2_connector.semantic_resampler.blocks.3.time_modulation.weight,,25165824,"[12288, 2048]",N/A,net.anima_v2_connector.semantic_resampler.blocks.3.time_modulation.weight
4,v2.semantic_resampler,BFLOAT16,net.anima_v2_connector.semantic_resampler.blocks.4.cross_attention.k_proj.weight,,5242880,"[2048, 2560]",N/A,net.anima_v2_connector.semantic_resampler.blocks.4.cross_attention.k_proj.weight
4,v2.semantic_resampler,BFLOAT16,net.anima_v2_connector.semantic_resampler.blocks.4.cross_attention.o_proj.weight,,4194304,"[2048, 2048]",N/A,net.anima_v2_connector.semantic_resampler.blocks.4.cross_attention.o_proj.weight
4,v2.semantic_resampler,BFLOAT16,net.anima_v2_connector.semantic_resampler.blocks.4.cross_attention.q_proj.weight,,4194304,"[2048, 2048]",N/A,net.anima_v2_connector.semantic_resampler.blocks.4.cross_attention.q_proj.weight
4,v2.semantic_resampler,BFLOAT16,net.anima_v2_connector.semantic_resampler.blocks.4.cross_attention.v_proj.weight,,5242880,"[2048, 2560]",N/A,net.anima_v2_connector.semantic_resampler.blocks.4.cross_attention.v_proj.weight
4,v2.semantic_resampler,BFLOAT16,net.anima_v2_connector.semantic_resampler.blocks.4.mlp_in.weight,,23068672,"[11264, 2048]",N/A,net.anima_v2_connector.semantic_resampler.blocks.4.mlp_in.weight
4,v2.semantic_resampler,BFLOAT16,net.anima_v2_connector.semantic_resampler.blocks.4.mlp_out.weight,,11534336,"[2048, 5632]",N/A,net.anima_v2_connector.semantic_resampler.blocks.4.mlp_out.weight
4,v2.semantic_resampler,BFLOAT16,net.anima_v2_connector.semantic_resampler.blocks.4.self_attention.k_proj.weight,,4194304,"[2048, 2048]",N/A,net.anima_v2_connector.semantic_resampler.blocks.4.self_attention.k_proj.weight
4,v2.semantic_resampler,BFLOAT16,net.anima_v2_connector.semantic_resampler.blocks.4.self_attention.o_proj.weight,,4194304,"[2048, 2048]",N/A,net.anima_v2_connector.semantic_resampler.blocks.4.self_attention.o_proj.weight
4,v2.semantic_resampler,BFLOAT16,net.anima_v2_connector.semantic_resampler.blocks.4.self_attention.q_proj.weight,,4194304,"[2048, 2048]",N/A,net.anima_v2_connector.semantic_resampler.blocks.4.self_attention.q_proj.weight
4,v2.semantic_resampler,BFLOAT16,net.anima_v2_connector.semantic_resampler.blocks.4.self_attention.v_proj.weight,,4194304,"[2048, 2048]",N/A,net.anima_v2_connector.semantic_resampler.blocks.4.self_attention.v_proj.weight
4,v2.semantic_resampler,BFLOAT16,net.anima_v2_connector.semantic_resampler.blocks.4.source_norm.bias,,2560,[2560],N/A,net.anima_v2_connector.semantic_resampler.blocks.4.source_norm.bias
4,v2.semantic_resampler,BFLOAT16,net.anima_v2_connector.semantic_resampler.blocks.4.source_norm.weight,,2560,[2560],N/A,net.anima_v2_connector.semantic_resampler.blocks.4.source_norm.weight
4,v2.semantic_resampler,BFLOAT16,net.anima_v2_connector.semantic_resampler.blocks.4.time_modulation.bias,,12288,[12288],N/A,net.anima_v2_connector.semantic_resampler.blocks.4.time_modulation.bias
4,v2.semantic_resampler,BFLOAT16,net.anima_v2_connector.semantic_resampler.blocks.4.time_modulation.weight,,25165824,"[12288, 2048]",N/A,net.anima_v2_connector.semantic_resampler.blocks.4.time_modulation.weight
5,v2.semantic_resampler,BFLOAT16,net.anima_v2_connector.semantic_resampler.blocks.5.cross_attention.k_proj.weight,,5242880,"[2048, 2560]",N/A,net.anima_v2_connector.semantic_resampler.blocks.5.cross_attention.k_proj.weight
5,v2.semantic_resampler,BFLOAT16,net.anima_v2_connector.semantic_resampler.blocks.5.cross_attention.o_proj.weight,,4194304,"[2048, 2048]",N/A,net.anima_v2_connector.semantic_resampler.blocks.5.cross_attention.o_proj.weight
5,v2.semantic_resampler,BFLOAT16,net.anima_v2_connector.semantic_resampler.blocks.5.cross_attention.q_proj.weight,,4194304,"[2048, 2048]",N/A,net.anima_v2_connector.semantic_resampler.blocks.5.cross_attention.q_proj.weight
5,v2.semantic_resampler,BFLOAT16,net.anima_v2_connector.semantic_resampler.blocks.5.cross_attention.v_proj.weight,,5242880,"[2048, 2560]",N/A,net.anima_v2_connector.semantic_resampler.blocks.5.cross_attention.v_proj.weight
5,v2.semantic_resampler,BFLOAT16,net.anima_v2_connector.semantic_resampler.blocks.5.mlp_in.weight,,23068672,"[11264, 2048]",N/A,net.anima_v2_connector.semantic_resampler.blocks.5.mlp_in.weight
5,v2.semantic_resampler,BFLOAT16,net.anima_v2_connector.semantic_resampler.blocks.5.mlp_out.weight,,11534336,"[2048, 5632]",N/A,net.anima_v2_connector.semantic_resampler.blocks.5.mlp_out.weight
5,v2.semantic_resampler,BFLOAT16,net.anima_v2_connector.semantic_resampler.blocks.5.self_attention.k_proj.weight,,4194304,"[2048, 2048]",N/A,net.anima_v2_connector.semantic_resampler.blocks.5.self_attention.k_proj.weight
5,v2.semantic_resampler,BFLOAT16,net.anima_v2_connector.semantic_resampler.blocks.5.self_attention.o_proj.weight,,4194304,"[2048, 2048]",N/A,net.anima_v2_connector.semantic_resampler.blocks.5.self_attention.o_proj.weight
5,v2.semantic_resampler,BFLOAT16,net.anima_v2_connector.semantic_resampler.blocks.5.self_attention.q_proj.weight,,4194304,"[2048, 2048]",N/A,net.anima_v2_connector.semantic_resampler.blocks.5.self_attention.q_proj.weight
5,v2.semantic_resampler,BFLOAT16,net.anima_v2_connector.semantic_resampler.blocks.5.self_attention.v_proj.weight,,4194304,"[2048, 2048]",N/A,net.anima_v2_connector.semantic_resampler.blocks.5.self_attention.v_proj.weight
5,v2.semantic_resampler,BFLOAT16,net.anima_v2_connector.semantic_resampler.blocks.5.source_norm.bias,,2560,[2560],N/A,net.anima_v2_connector.semantic_resampler.blocks.5.source_norm.bias
5,v2.semantic_resampler,BFLOAT16,net.anima_v2_connector.semantic_resampler.blocks.5.source_norm.weight,,2560,[2560],N/A,net.anima_v2_connector.semantic_resampler.blocks.5.source_norm.weight
5,v2.semantic_resampler,BFLOAT16,net.anima_v2_connector.semantic_resampler.blocks.5.time_modulation.bias,,12288,[12288],N/A,net.anima_v2_connector.semantic_resampler.blocks.5.time_modulation.bias
5,v2.semantic_resampler,BFLOAT16,net.anima_v2_connector.semantic_resampler.blocks.5.time_modulation.weight,,25165824,"[12288, 2048]",N/A,net.anima_v2_connector.semantic_resampler.blocks.5.time_modulation.weight
,v2.semantic_resampler,BFLOAT16,net.anima_v2_connector.semantic_resampler.layer_embeddings,,10240,"[4, 1, 2560]",N/A,net.anima_v2_connector.semantic_resampler.layer_embeddings
,v2.semantic_resampler,BFLOAT16,net.anima_v2_connector.semantic_resampler.output_norm.bias,,2048,[2048],N/A,net.anima_v2_connector.semantic_resampler.output_norm.bias
,v2.semantic_resampler,BFLOAT16,net.anima_v2_connector.semantic_resampler.output_norm.weight,,2048,[2048],N/A,net.anima_v2_connector.semantic_resampler.output_norm.weight
,v2.semantic_resampler,BFLOAT16,net.anima_v2_connector.semantic_resampler.output_projection.weight,,2097152,"[1024, 2048]",N/A,net.anima_v2_connector.semantic_resampler.output_projection.weight
,v2.semantic_resampler,BFLOAT16,net.anima_v2_connector.semantic_resampler.query_tokens,,131072,"[1, 64, 2048]",N/A,net.anima_v2_connector.semantic_resampler.query_tokens
,v2.semantic_resampler,BFLOAT16,net.anima_v2_connector.semantic_resampler.time_mlp.0.bias,,2048,[2048],N/A,net.anima_v2_connector.semantic_resampler.time_mlp.0.bias
,v2.semantic_resampler,BFLOAT16,net.anima_v2_connector.semantic_resampler.time_mlp.0.weight,,4194304,"[2048, 2048]",N/A,net.anima_v2_connector.semantic_resampler.time_mlp.0.weight
,v2.semantic_resampler,BFLOAT16,net.anima_v2_connector.semantic_resampler.time_mlp.2.bias,,2048,[2048],N/A,net.anima_v2_connector.semantic_resampler.time_mlp.2.bias
,v2.semantic_resampler,BFLOAT16,net.anima_v2_connector.semantic_resampler.time_mlp.2.weight,,4194304,"[2048, 2048]",N/A,net.anima_v2_connector.semantic_resampler.time_mlp.2.weight
,v2.inserted_semantic,BFLOAT16,net.anima_v2_connector.v2_attentions.0.k_norm.weight,,64,[64],N/A,net.anima_v2_connector.v2_attentions.0.k_norm.weight
,v2.inserted_semantic,BFLOAT16,net.anima_v2_connector.v2_attentions.0.k_proj.weight,,1048576,"[1024, 1024]",N/A,net.anima_v2_connector.v2_attentions.0.k_proj.weight
,v2.inserted_semantic,BFLOAT16,net.anima_v2_connector.v2_attentions.0.o_proj.weight,,1048576,"[1024, 1024]",N/A,net.anima_v2_connector.v2_attentions.0.o_proj.weight
,v2.inserted_semantic,BFLOAT16,net.anima_v2_connector.v2_attentions.0.q_norm.weight,,64,[64],N/A,net.anima_v2_connector.v2_attentions.0.q_norm.weight
,v2.inserted_semantic,BFLOAT16,net.anima_v2_connector.v2_attentions.0.q_proj.weight,,1048576,"[1024, 1024]",N/A,net.anima_v2_connector.v2_attentions.0.q_proj.weight
,v2.inserted_semantic,BFLOAT16,net.anima_v2_connector.v2_attentions.0.v_proj.weight,,1048576,"[1024, 1024]",N/A,net.anima_v2_connector.v2_attentions.0.v_proj.weight
,v2.inserted_semantic,BFLOAT16,net.anima_v2_connector.v2_attentions.1.k_norm.weight,,64,[64],N/A,net.anima_v2_connector.v2_attentions.1.k_norm.weight
,v2.inserted_semantic,BFLOAT16,net.anima_v2_connector.v2_attentions.1.k_proj.weight,,1048576,"[1024, 1024]",N/A,net.anima_v2_connector.v2_attentions.1.k_proj.weight
,v2.inserted_semantic,BFLOAT16,net.anima_v2_connector.v2_attentions.1.o_proj.weight,,1048576,"[1024, 1024]",N/A,net.anima_v2_connector.v2_attentions.1.o_proj.weight
,v2.inserted_semantic,BFLOAT16,net.anima_v2_connector.v2_attentions.1.q_norm.weight,,64,[64],N/A,net.anima_v2_connector.v2_attentions.1.q_norm.weight
,v2.inserted_semantic,BFLOAT16,net.anima_v2_connector.v2_attentions.1.q_proj.weight,,1048576,"[1024, 1024]",N/A,net.anima_v2_connector.v2_attentions.1.q_proj.weight
,v2.inserted_semantic,BFLOAT16,net.anima_v2_connector.v2_attentions.1.v_proj.weight,,1048576,"[1024, 1024]",N/A,net.anima_v2_connector.v2_attentions.1.v_proj.weight
,v2.inserted_semantic,BFLOAT16,net.anima_v2_connector.v2_attentions.2.k_norm.weight,,64,[64],N/A,net.anima_v2_connector.v2_attentions.2.k_norm.weight
,v2.inserted_semantic,BFLOAT16,net.anima_v2_connector.v2_attentions.2.k_proj.weight,,1048576,"[1024, 1024]",N/A,net.anima_v2_connector.v2_attentions.2.k_proj.weight
,v2.inserted_semantic,BFLOAT16,net.anima_v2_connector.v2_attentions.2.o_proj.weight,,1048576,"[1024, 1024]",N/A,net.anima_v2_connector.v2_attentions.2.o_proj.weight
,v2.inserted_semantic,BFLOAT16,net.anima_v2_connector.v2_attentions.2.q_norm.weight,,64,[64],N/A,net.anima_v2_connector.v2_attentions.2.q_norm.weight
,v2.inserted_semantic,BFLOAT16,net.anima_v2_connector.v2_attentions.2.q_proj.weight,,1048576,"[1024, 1024]",N/A,net.anima_v2_connector.v2_attentions.2.q_proj.weight
,v2.inserted_semantic,BFLOAT16,net.anima_v2_connector.v2_attentions.2.v_proj.weight,,1048576,"[1024, 1024]",N/A,net.anima_v2_connector.v2_attentions.2.v_proj.weight
,v2.inserted_semantic,BFLOAT16,net.anima_v2_connector.v2_attentions.3.k_norm.weight,,64,[64],N/A,net.anima_v2_connector.v2_attentions.3.k_norm.weight
,v2.inserted_semantic,BFLOAT16,net.anima_v2_connector.v2_attentions.3.k_proj.weight,,1048576,"[1024, 1024]",N/A,net.anima_v2_connector.v2_attentions.3.k_proj.weight
,v2.inserted_semantic,BFLOAT16,net.anima_v2_connector.v2_attentions.3.o_proj.weight,,1048576,"[1024, 1024]",N/A,net.anima_v2_connector.v2_attentions.3.o_proj.weight
,v2.inserted_semantic,BFLOAT16,net.anima_v2_connector.v2_attentions.3.q_norm.weight,,64,[64],N/A,net.anima_v2_connector.v2_attentions.3.q_norm.weight
,v2.inserted_semantic,BFLOAT16,net.anima_v2_connector.v2_attentions.3.q_proj.weight,,1048576,"[1024, 1024]",N/A,net.anima_v2_connector.v2_attentions.3.q_proj.weight
,v2.inserted_semantic,BFLOAT16,net.anima_v2_connector.v2_attentions.3.v_proj.weight,,1048576,"[1024, 1024]",N/A,net.anima_v2_connector.v2_attentions.3.v_proj.weight
,v2.inserted_semantic,BFLOAT16,net.anima_v2_connector.v2_attentions.4.k_norm.weight,,64,[64],N/A,net.anima_v2_connector.v2_attentions.4.k_norm.weight
,v2.inserted_semantic,BFLOAT16,net.anima_v2_connector.v2_attentions.4.k_proj.weight,,1048576,"[1024, 1024]",N/A,net.anima_v2_connector.v2_attentions.4.k_proj.weight
,v2.inserted_semantic,BFLOAT16,net.anima_v2_connector.v2_attentions.4.o_proj.weight,,1048576,"[1024, 1024]",N/A,net.anima_v2_connector.v2_attentions.4.o_proj.weight
,v2.inserted_semantic,BFLOAT16,net.anima_v2_connector.v2_attentions.4.q_norm.weight,,64,[64],N/A,net.anima_v2_connector.v2_attentions.4.q_norm.weight
,v2.inserted_semantic,BFLOAT16,net.anima_v2_connector.v2_attentions.4.q_proj.weight,,1048576,"[1024, 1024]",N/A,net.anima_v2_connector.v2_attentions.4.q_proj.weight
,v2.inserted_semantic,BFLOAT16,net.anima_v2_connector.v2_attentions.4.v_proj.weight,,1048576,"[1024, 1024]",N/A,net.anima_v2_connector.v2_attentions.4.v_proj.weight
,v2.inserted_semantic,BFLOAT16,net.anima_v2_connector.v2_attentions.5.k_norm.weight,,64,[64],N/A,net.anima_v2_connector.v2_attentions.5.k_norm.weight
,v2.inserted_semantic,BFLOAT16,net.anima_v2_connector.v2_attentions.5.k_proj.weight,,1048576,"[1024, 1024]",N/A,net.anima_v2_connector.v2_attentions.5.k_proj.weight
,v2.inserted_semantic,BFLOAT16,net.anima_v2_connector.v2_attentions.5.o_proj.weight,,1048576,"[1024, 1024]",N/A,net.anima_v2_connector.v2_attentions.5.o_proj.weight
,v2.inserted_semantic,BFLOAT16,net.anima_v2_connector.v2_attentions.5.q_norm.weight,,64,[64],N/A,net.anima_v2_connector.v2_attentions.5.q_norm.weight
,v2.inserted_semantic,BFLOAT16,net.anima_v2_connector.v2_attentions.5.q_proj.weight,,1048576,"[1024, 1024]",N/A,net.anima_v2_connector.v2_attentions.5.q_proj.weight
,v2.inserted_semantic,BFLOAT16,net.anima_v2_connector.v2_attentions.5.v_proj.weight,,1048576,"[1024, 1024]",N/A,net.anima_v2_connector.v2_attentions.5.v_proj.weight
,v2.inserted_semantic,BFLOAT16,net.anima_v2_connector.v2_query_norms.0.weight,,1024,[1024],N/A,net.anima_v2_connector.v2_query_norms.0.weight
,v2.inserted_semantic,BFLOAT16,net.anima_v2_connector.v2_query_norms.1.weight,,1024,[1024],N/A,net.anima_v2_connector.v2_query_norms.1.weight
,v2.inserted_semantic,BFLOAT16,net.anima_v2_connector.v2_query_norms.2.weight,,1024,[1024],N/A,net.anima_v2_connector.v2_query_norms.2.weight
,v2.inserted_semantic,BFLOAT16,net.anima_v2_connector.v2_query_norms.3.weight,,1024,[1024],N/A,net.anima_v2_connector.v2_query_norms.3.weight
,v2.inserted_semantic,BFLOAT16,net.anima_v2_connector.v2_query_norms.4.weight,,1024,[1024],N/A,net.anima_v2_connector.v2_query_norms.4.weight
,v2.inserted_semantic,BFLOAT16,net.anima_v2_connector.v2_query_norms.5.weight,,1024,[1024],N/A,net.anima_v2_connector.v2_query_norms.5.weight
,v2.inserted_semantic,BFLOAT16,net.anima_v2_connector.v2_semantic_norms.0.weight,,1024,[1024],N/A,net.anima_v2_connector.v2_semantic_norms.0.weight
,v2.inserted_semantic,BFLOAT16,net.anima_v2_connector.v2_semantic_norms.1.weight,,1024,[1024],N/A,net.anima_v2_connector.v2_semantic_norms.1.weight
,v2.inserted_semantic,BFLOAT16,net.anima_v2_connector.v2_semantic_norms.2.weight,,1024,[1024],N/A,net.anima_v2_connector.v2_semantic_norms.2.weight
,v2.inserted_semantic,BFLOAT16,net.anima_v2_connector.v2_semantic_norms.3.weight,,1024,[1024],N/A,net.anima_v2_connector.v2_semantic_norms.3.weight
,v2.inserted_semantic,BFLOAT16,net.anima_v2_connector.v2_semantic_norms.4.weight,,1024,[1024],N/A,net.anima_v2_connector.v2_semantic_norms.4.weight
,v2.inserted_semantic,BFLOAT16,net.anima_v2_connector.v2_semantic_norms.5.weight,,1024,[1024],N/A,net.anima_v2_connector.v2_semantic_norms.5.weight
0,dit_block,BFLOAT16,net.blocks.0.adaln_modulation_cross_attn.1.weight,,524288,"[256, 2048]",N/A,adaln_modulation_cross_attn.1.weight
0,dit_block,BFLOAT16,net.blocks.0.adaln_modulation_cross_attn.2.weight,,1572864,"[6144, 256]",N/A,adaln_modulation_cross_attn.2.weight
0,dit_block,BFLOAT16,net.blocks.0.adaln_modulation_mlp.1.weight,,524288,"[256, 2048]",N/A,adaln_modulation_mlp.1.weight
0,dit_block,BFLOAT16,net.blocks.0.adaln_modulation_mlp.2.weight,,1572864,"[6144, 256]",N/A,adaln_modulation_mlp.2.weight
0,dit_block,BFLOAT16,net.blocks.0.adaln_modulation_self_attn.1.weight,,524288,"[256, 2048]",N/A,adaln_modulation_self_attn.1.weight
0,dit_block,BFLOAT16,net.blocks.0.adaln_modulation_self_attn.2.weight,,1572864,"[6144, 256]",N/A,adaln_modulation_self_attn.2.weight
0,dit_block,BFLOAT16,net.blocks.0.cross_attn.k_norm.weight,,128,[128],N/A,cross_attn.k_norm.weight
0,dit_block,BFLOAT16,net.blocks.0.cross_attn.k_proj.weight,,2097152,"[2048, 1024]",N/A,cross_attn.k_proj.weight
0,dit_block,BFLOAT16,net.blocks.0.cross_attn.output_proj.weight,,4194304,"[2048, 2048]",N/A,cross_attn.output_proj.weight
0,dit_block,BFLOAT16,net.blocks.0.cross_attn.q_norm.weight,,128,[128],N/A,cross_attn.q_norm.weight
0,dit_block,BFLOAT16,net.blocks.0.cross_attn.q_proj.weight,,4194304,"[2048, 2048]",N/A,cross_attn.q_proj.weight
0,dit_block,BFLOAT16,net.blocks.0.cross_attn.v_proj.weight,,2097152,"[2048, 1024]",N/A,cross_attn.v_proj.weight
0,dit_block,BFLOAT16,net.blocks.0.mlp.layer1.weight,,16777216,"[8192, 2048]",N/A,mlp.layer1.weight
0,dit_block,BFLOAT16,net.blocks.0.mlp.layer2.weight,,16777216,"[2048, 8192]",N/A,mlp.layer2.weight
0,dit_block,BFLOAT16,net.blocks.0.self_attn.k_norm.weight,,128,[128],N/A,self_attn.k_norm.weight
0,dit_block,BFLOAT16,net.blocks.0.self_attn.k_proj.weight,,4194304,"[2048, 2048]",N/A,self_attn.k_proj.weight
0,dit_block,BFLOAT16,net.blocks.0.self_attn.output_proj.weight,,4194304,"[2048, 2048]",N/A,self_attn.output_proj.weight
0,dit_block,BFLOAT16,net.blocks.0.self_attn.q_norm.weight,,128,[128],N/A,self_attn.q_norm.weight
0,dit_block,BFLOAT16,net.blocks.0.self_attn.q_proj.weight,,4194304,"[2048, 2048]",N/A,self_attn.q_proj.weight
0,dit_block,BFLOAT16,net.blocks.0.self_attn.v_proj.weight,,4194304,"[2048, 2048]",N/A,self_attn.v_proj.weight
1,dit_block,BFLOAT16,net.blocks.1.adaln_modulation_cross_attn.1.weight,,524288,"[256, 2048]",N/A,adaln_modulation_cross_attn.1.weight
1,dit_block,BFLOAT16,net.blocks.1.adaln_modulation_cross_attn.2.weight,,1572864,"[6144, 256]",N/A,adaln_modulation_cross_attn.2.weight
1,dit_block,BFLOAT16,net.blocks.1.adaln_modulation_mlp.1.weight,,524288,"[256, 2048]",N/A,adaln_modulation_mlp.1.weight
1,dit_block,BFLOAT16,net.blocks.1.adaln_modulation_mlp.2.weight,,1572864,"[6144, 256]",N/A,adaln_modulation_mlp.2.weight
1,dit_block,BFLOAT16,net.blocks.1.adaln_modulation_self_attn.1.weight,,524288,"[256, 2048]",N/A,adaln_modulation_self_attn.1.weight
1,dit_block,BFLOAT16,net.blocks.1.adaln_modulation_self_attn.2.weight,,1572864,"[6144, 256]",N/A,adaln_modulation_self_attn.2.weight
1,dit_block,BFLOAT16,net.blocks.1.cross_attn.k_norm.weight,,128,[128],N/A,cross_attn.k_norm.weight
1,dit_block,BFLOAT16,net.blocks.1.cross_attn.k_proj.weight,,2097152,"[2048, 1024]",N/A,cross_attn.k_proj.weight
1,dit_block,BFLOAT16,net.blocks.1.cross_attn.output_proj.weight,,4194304,"[2048, 2048]",N/A,cross_attn.output_proj.weight
1,dit_block,BFLOAT16,net.blocks.1.cross_attn.q_norm.weight,,128,[128],N/A,cross_attn.q_norm.weight
1,dit_block,BFLOAT16,net.blocks.1.cross_attn.q_proj.weight,,4194304,"[2048, 2048]",N/A,cross_attn.q_proj.weight
1,dit_block,BFLOAT16,net.blocks.1.cross_attn.v_proj.weight,,2097152,"[2048, 1024]",N/A,cross_attn.v_proj.weight
1,dit_block,BFLOAT16,net.blocks.1.mlp.layer1.weight,,16777216,"[8192, 2048]",N/A,mlp.layer1.weight
1,dit_block,BFLOAT16,net.blocks.1.mlp.layer2.weight,,16777216,"[2048, 8192]",N/A,mlp.layer2.weight
1,dit_block,BFLOAT16,net.blocks.1.self_attn.k_norm.weight,,128,[128],N/A,self_attn.k_norm.weight
1,dit_block,BFLOAT16,net.blocks.1.self_attn.k_proj.weight,,4194304,"[2048, 2048]",N/A,self_attn.k_proj.weight
1,dit_block,BFLOAT16,net.blocks.1.self_attn.output_proj.weight,,4194304,"[2048, 2048]",N/A,self_attn.output_proj.weight
1,dit_block,BFLOAT16,net.blocks.1.self_attn.q_norm.weight,,128,[128],N/A,self_attn.q_norm.weight
1,dit_block,BFLOAT16,net.blocks.1.self_attn.q_proj.weight,,4194304,"[2048, 2048]",N/A,self_attn.q_proj.weight
1,dit_block,BFLOAT16,net.blocks.1.self_attn.v_proj.weight,,4194304,"[2048, 2048]",N/A,self_attn.v_proj.weight
10,dit_block,BFLOAT16,net.blocks.10.adaln_modulation_cross_attn.1.weight,,524288,"[256, 2048]",N/A,adaln_modulation_cross_attn.1.weight
10,dit_block,BFLOAT16,net.blocks.10.adaln_modulation_cross_attn.2.weight,,1572864,"[6144, 256]",N/A,adaln_modulation_cross_attn.2.weight
10,dit_block,BFLOAT16,net.blocks.10.adaln_modulation_mlp.1.weight,,524288,"[256, 2048]",N/A,adaln_modulation_mlp.1.weight
10,dit_block,BFLOAT16,net.blocks.10.adaln_modulation_mlp.2.weight,,1572864,"[6144, 256]",N/A,adaln_modulation_mlp.2.weight
10,dit_block,BFLOAT16,net.blocks.10.adaln_modulation_self_attn.1.weight,,524288,"[256, 2048]",N/A,adaln_modulation_self_attn.1.weight
10,dit_block,BFLOAT16,net.blocks.10.adaln_modulation_self_attn.2.weight,,1572864,"[6144, 256]",N/A,adaln_modulation_self_attn.2.weight
10,dit_block,BFLOAT16,net.blocks.10.cross_attn.k_norm.weight,,128,[128],N/A,cross_attn.k_norm.weight
10,dit_block,BFLOAT16,net.blocks.10.cross_attn.k_proj.weight,,2097152,"[2048, 1024]",N/A,cross_attn.k_proj.weight
10,dit_block,BFLOAT16,net.blocks.10.cross_attn.output_proj.weight,,4194304,"[2048, 2048]",N/A,cross_attn.output_proj.weight
10,dit_block,BFLOAT16,net.blocks.10.cross_attn.q_norm.weight,,128,[128],N/A,cross_attn.q_norm.weight
10,dit_block,BFLOAT16,net.blocks.10.cross_attn.q_proj.weight,,4194304,"[2048, 2048]",N/A,cross_attn.q_proj.weight
10,dit_block,BFLOAT16,net.blocks.10.cross_attn.v_proj.weight,,2097152,"[2048, 1024]",N/A,cross_attn.v_proj.weight
10,dit_block,BFLOAT16,net.blocks.10.mlp.layer1.weight,,16777216,"[8192, 2048]",N/A,mlp.layer1.weight
10,dit_block,BFLOAT16,net.blocks.10.mlp.layer2.weight,,16777216,"[2048, 8192]",N/A,mlp.layer2.weight
10,dit_block,BFLOAT16,net.blocks.10.self_attn.k_norm.weight,,128,[128],N/A,self_attn.k_norm.weight
10,dit_block,BFLOAT16,net.blocks.10.self_attn.k_proj.weight,,4194304,"[2048, 2048]",N/A,self_attn.k_proj.weight
10,dit_block,BFLOAT16,net.blocks.10.self_attn.output_proj.weight,,4194304,"[2048, 2048]",N/A,self_attn.output_proj.weight
10,dit_block,BFLOAT16,net.blocks.10.self_attn.q_norm.weight,,128,[128],N/A,self_attn.q_norm.weight
10,dit_block,BFLOAT16,net.blocks.10.self_attn.q_proj.weight,,4194304,"[2048, 2048]",N/A,self_attn.q_proj.weight
10,dit_block,BFLOAT16,net.blocks.10.self_attn.v_proj.weight,,4194304,"[2048, 2048]",N/A,self_attn.v_proj.weight
11,dit_block,BFLOAT16,net.blocks.11.adaln_modulation_cross_attn.1.weight,,524288,"[256, 2048]",N/A,adaln_modulation_cross_attn.1.weight
11,dit_block,BFLOAT16,net.blocks.11.adaln_modulation_cross_attn.2.weight,,1572864,"[6144, 256]",N/A,adaln_modulation_cross_attn.2.weight
11,dit_block,BFLOAT16,net.blocks.11.adaln_modulation_mlp.1.weight,,524288,"[256, 2048]",N/A,adaln_modulation_mlp.1.weight
11,dit_block,BFLOAT16,net.blocks.11.adaln_modulation_mlp.2.weight,,1572864,"[6144, 256]",N/A,adaln_modulation_mlp.2.weight
11,dit_block,BFLOAT16,net.blocks.11.adaln_modulation_self_attn.1.weight,,524288,"[256, 2048]",N/A,adaln_modulation_self_attn.1.weight
11,dit_block,BFLOAT16,net.blocks.11.adaln_modulation_self_attn.2.weight,,1572864,"[6144, 256]",N/A,adaln_modulation_self_attn.2.weight
11,dit_block,BFLOAT16,net.blocks.11.cross_attn.k_norm.weight,,128,[128],N/A,cross_attn.k_norm.weight
11,dit_block,BFLOAT16,net.blocks.11.cross_attn.k_proj.weight,,2097152,"[2048, 1024]",N/A,cross_attn.k_proj.weight
11,dit_block,BFLOAT16,net.blocks.11.cross_attn.output_proj.weight,,4194304,"[2048, 2048]",N/A,cross_attn.output_proj.weight
11,dit_block,BFLOAT16,net.blocks.11.cross_attn.q_norm.weight,,128,[128],N/A,cross_attn.q_norm.weight
11,dit_block,BFLOAT16,net.blocks.11.cross_attn.q_proj.weight,,4194304,"[2048, 2048]",N/A,cross_attn.q_proj.weight
11,dit_block,BFLOAT16,net.blocks.11.cross_attn.v_proj.weight,,2097152,"[2048, 1024]",N/A,cross_attn.v_proj.weight
11,dit_block,BFLOAT16,net.blocks.11.mlp.layer1.weight,,16777216,"[8192, 2048]",N/A,mlp.layer1.weight
11,dit_block,BFLOAT16,net.blocks.11.mlp.layer2.weight,,16777216,"[2048, 8192]",N/A,mlp.layer2.weight
11,dit_block,BFLOAT16,net.blocks.11.self_attn.k_norm.weight,,128,[128],N/A,self_attn.k_norm.weight
11,dit_block,BFLOAT16,net.blocks.11.self_attn.k_proj.weight,,4194304,"[2048, 2048]",N/A,self_attn.k_proj.weight
11,dit_block,BFLOAT16,net.blocks.11.self_attn.output_proj.weight,,4194304,"[2048, 2048]",N/A,self_attn.output_proj.weight
11,dit_block,BFLOAT16,net.blocks.11.self_attn.q_norm.weight,,128,[128],N/A,self_attn.q_norm.weight
11,dit_block,BFLOAT16,net.blocks.11.self_attn.q_proj.weight,,4194304,"[2048, 2048]",N/A,self_attn.q_proj.weight
11,dit_block,BFLOAT16,net.blocks.11.self_attn.v_proj.weight,,4194304,"[2048, 2048]",N/A,self_attn.v_proj.weight
12,dit_block,BFLOAT16,net.blocks.12.adaln_modulation_cross_attn.1.weight,,524288,"[256, 2048]",N/A,adaln_modulation_cross_attn.1.weight
12,dit_block,BFLOAT16,net.blocks.12.adaln_modulation_cross_attn.2.weight,,1572864,"[6144, 256]",N/A,adaln_modulation_cross_attn.2.weight
12,dit_block,BFLOAT16,net.blocks.12.adaln_modulation_mlp.1.weight,,524288,"[256, 2048]",N/A,adaln_modulation_mlp.1.weight
12,dit_block,BFLOAT16,net.blocks.12.adaln_modulation_mlp.2.weight,,1572864,"[6144, 256]",N/A,adaln_modulation_mlp.2.weight
12,dit_block,BFLOAT16,net.blocks.12.adaln_modulation_self_attn.1.weight,,524288,"[256, 2048]",N/A,adaln_modulation_self_attn.1.weight
12,dit_block,BFLOAT16,net.blocks.12.adaln_modulation_self_attn.2.weight,,1572864,"[6144, 256]",N/A,adaln_modulation_self_attn.2.weight
12,dit_block,BFLOAT16,net.blocks.12.cross_attn.k_norm.weight,,128,[128],N/A,cross_attn.k_norm.weight
12,dit_block,BFLOAT16,net.blocks.12.cross_attn.k_proj.weight,,2097152,"[2048, 1024]",N/A,cross_attn.k_proj.weight
12,dit_block,BFLOAT16,net.blocks.12.cross_attn.output_proj.weight,,4194304,"[2048, 2048]",N/A,cross_attn.output_proj.weight
12,dit_block,BFLOAT16,net.blocks.12.cross_attn.q_norm.weight,,128,[128],N/A,cross_attn.q_norm.weight
12,dit_block,BFLOAT16,net.blocks.12.cross_attn.q_proj.weight,,4194304,"[2048, 2048]",N/A,cross_attn.q_proj.weight
12,dit_block,BFLOAT16,net.blocks.12.cross_attn.v_proj.weight,,2097152,"[2048, 1024]",N/A,cross_attn.v_proj.weight
12,dit_block,BFLOAT16,net.blocks.12.mlp.layer1.weight,,16777216,"[8192, 2048]",N/A,mlp.layer1.weight
12,dit_block,BFLOAT16,net.blocks.12.mlp.layer2.weight,,16777216,"[2048, 8192]",N/A,mlp.layer2.weight
12,dit_block,BFLOAT16,net.blocks.12.self_attn.k_norm.weight,,128,[128],N/A,self_attn.k_norm.weight
12,dit_block,BFLOAT16,net.blocks.12.self_attn.k_proj.weight,,4194304,"[2048, 2048]",N/A,self_attn.k_proj.weight
12,dit_block,BFLOAT16,net.blocks.12.self_attn.output_proj.weight,,4194304,"[2048, 2048]",N/A,self_attn.output_proj.weight
12,dit_block,BFLOAT16,net.blocks.12.self_attn.q_norm.weight,,128,[128],N/A,self_attn.q_norm.weight
12,dit_block,BFLOAT16,net.blocks.12.self_attn.q_proj.weight,,4194304,"[2048, 2048]",N/A,self_attn.q_proj.weight
12,dit_block,BFLOAT16,net.blocks.12.self_attn.v_proj.weight,,4194304,"[2048, 2048]",N/A,self_attn.v_proj.weight
13,dit_block,BFLOAT16,net.blocks.13.adaln_modulation_cross_attn.1.weight,,524288,"[256, 2048]",N/A,adaln_modulation_cross_attn.1.weight
13,dit_block,BFLOAT16,net.blocks.13.adaln_modulation_cross_attn.2.weight,,1572864,"[6144, 256]",N/A,adaln_modulation_cross_attn.2.weight
13,dit_block,BFLOAT16,net.blocks.13.adaln_modulation_mlp.1.weight,,524288,"[256, 2048]",N/A,adaln_modulation_mlp.1.weight
13,dit_block,BFLOAT16,net.blocks.13.adaln_modulation_mlp.2.weight,,1572864,"[6144, 256]",N/A,adaln_modulation_mlp.2.weight
13,dit_block,BFLOAT16,net.blocks.13.adaln_modulation_self_attn.1.weight,,524288,"[256, 2048]",N/A,adaln_modulation_self_attn.1.weight
13,dit_block,BFLOAT16,net.blocks.13.adaln_modulation_self_attn.2.weight,,1572864,"[6144, 256]",N/A,adaln_modulation_self_attn.2.weight
13,dit_block,BFLOAT16,net.blocks.13.cross_attn.k_norm.weight,,128,[128],N/A,cross_attn.k_norm.weight
13,dit_block,BFLOAT16,net.blocks.13.cross_attn.k_proj.weight,,2097152,"[2048, 1024]",N/A,cross_attn.k_proj.weight
13,dit_block,BFLOAT16,net.blocks.13.cross_attn.output_proj.weight,,4194304,"[2048, 2048]",N/A,cross_attn.output_proj.weight
13,dit_block,BFLOAT16,net.blocks.13.cross_attn.q_norm.weight,,128,[128],N/A,cross_attn.q_norm.weight
13,dit_block,BFLOAT16,net.blocks.13.cross_attn.q_proj.weight,,4194304,"[2048, 2048]",N/A,cross_attn.q_proj.weight
13,dit_block,BFLOAT16,net.blocks.13.cross_attn.v_proj.weight,,2097152,"[2048, 1024]",N/A,cross_attn.v_proj.weight
13,dit_block,BFLOAT16,net.blocks.13.mlp.layer1.weight,,16777216,"[8192, 2048]",N/A,mlp.layer1.weight
13,dit_block,BFLOAT16,net.blocks.13.mlp.layer2.weight,,16777216,"[2048, 8192]",N/A,mlp.layer2.weight
13,dit_block,BFLOAT16,net.blocks.13.self_attn.k_norm.weight,,128,[128],N/A,self_attn.k_norm.weight
13,dit_block,BFLOAT16,net.blocks.13.self_attn.k_proj.weight,,4194304,"[2048, 2048]",N/A,self_attn.k_proj.weight
13,dit_block,BFLOAT16,net.blocks.13.self_attn.output_proj.weight,,4194304,"[2048, 2048]",N/A,self_attn.output_proj.weight
13,dit_block,BFLOAT16,net.blocks.13.self_attn.q_norm.weight,,128,[128],N/A,self_attn.q_norm.weight
13,dit_block,BFLOAT16,net.blocks.13.self_attn.q_proj.weight,,4194304,"[2048, 2048]",N/A,self_attn.q_proj.weight
13,dit_block,BFLOAT16,net.blocks.13.self_attn.v_proj.weight,,4194304,"[2048, 2048]",N/A,self_attn.v_proj.weight
14,dit_block,BFLOAT16,net.blocks.14.adaln_modulation_cross_attn.1.weight,,524288,"[256, 2048]",N/A,adaln_modulation_cross_attn.1.weight
14,dit_block,BFLOAT16,net.blocks.14.adaln_modulation_cross_attn.2.weight,,1572864,"[6144, 256]",N/A,adaln_modulation_cross_attn.2.weight
14,dit_block,BFLOAT16,net.blocks.14.adaln_modulation_mlp.1.weight,,524288,"[256, 2048]",N/A,adaln_modulation_mlp.1.weight
14,dit_block,BFLOAT16,net.blocks.14.adaln_modulation_mlp.2.weight,,1572864,"[6144, 256]",N/A,adaln_modulation_mlp.2.weight
14,dit_block,BFLOAT16,net.blocks.14.adaln_modulation_self_attn.1.weight,,524288,"[256, 2048]",N/A,adaln_modulation_self_attn.1.weight
14,dit_block,BFLOAT16,net.blocks.14.adaln_modulation_self_attn.2.weight,,1572864,"[6144, 256]",N/A,adaln_modulation_self_attn.2.weight
14,dit_block,BFLOAT16,net.blocks.14.cross_attn.k_norm.weight,,128,[128],N/A,cross_attn.k_norm.weight
14,dit_block,BFLOAT16,net.blocks.14.cross_attn.k_proj.weight,,2097152,"[2048, 1024]",N/A,cross_attn.k_proj.weight
14,dit_block,BFLOAT16,net.blocks.14.cross_attn.output_proj.weight,,4194304,"[2048, 2048]",N/A,cross_attn.output_proj.weight
14,dit_block,BFLOAT16,net.blocks.14.cross_attn.q_norm.weight,,128,[128],N/A,cross_attn.q_norm.weight
14,dit_block,BFLOAT16,net.blocks.14.cross_attn.q_proj.weight,,4194304,"[2048, 2048]",N/A,cross_attn.q_proj.weight
14,dit_block,BFLOAT16,net.blocks.14.cross_attn.v_proj.weight,,2097152,"[2048, 1024]",N/A,cross_attn.v_proj.weight
14,dit_block,BFLOAT16,net.blocks.14.mlp.layer1.weight,,16777216,"[8192, 2048]",N/A,mlp.layer1.weight
14,dit_block,BFLOAT16,net.blocks.14.mlp.layer2.weight,,16777216,"[2048, 8192]",N/A,mlp.layer2.weight
14,dit_block,BFLOAT16,net.blocks.14.self_attn.k_norm.weight,,128,[128],N/A,self_attn.k_norm.weight
14,dit_block,BFLOAT16,net.blocks.14.self_attn.k_proj.weight,,4194304,"[2048, 2048]",N/A,self_attn.k_proj.weight
14,dit_block,BFLOAT16,net.blocks.14.self_attn.output_proj.weight,,4194304,"[2048, 2048]",N/A,self_attn.output_proj.weight
14,dit_block,BFLOAT16,net.blocks.14.self_attn.q_norm.weight,,128,[128],N/A,self_attn.q_norm.weight
14,dit_block,BFLOAT16,net.blocks.14.self_attn.q_proj.weight,,4194304,"[2048, 2048]",N/A,self_attn.q_proj.weight
14,dit_block,BFLOAT16,net.blocks.14.self_attn.v_proj.weight,,4194304,"[2048, 2048]",N/A,self_attn.v_proj.weight
15,dit_block,BFLOAT16,net.blocks.15.adaln_modulation_cross_attn.1.weight,,524288,"[256, 2048]",N/A,adaln_modulation_cross_attn.1.weight
15,dit_block,BFLOAT16,net.blocks.15.adaln_modulation_cross_attn.2.weight,,1572864,"[6144, 256]",N/A,adaln_modulation_cross_attn.2.weight
15,dit_block,BFLOAT16,net.blocks.15.adaln_modulation_mlp.1.weight,,524288,"[256, 2048]",N/A,adaln_modulation_mlp.1.weight
15,dit_block,BFLOAT16,net.blocks.15.adaln_modulation_mlp.2.weight,,1572864,"[6144, 256]",N/A,adaln_modulation_mlp.2.weight
15,dit_block,BFLOAT16,net.blocks.15.adaln_modulation_self_attn.1.weight,,524288,"[256, 2048]",N/A,adaln_modulation_self_attn.1.weight
15,dit_block,BFLOAT16,net.blocks.15.adaln_modulation_self_attn.2.weight,,1572864,"[6144, 256]",N/A,adaln_modulation_self_attn.2.weight
15,dit_block,BFLOAT16,net.blocks.15.cross_attn.k_norm.weight,,128,[128],N/A,cross_attn.k_norm.weight
15,dit_block,BFLOAT16,net.blocks.15.cross_attn.k_proj.weight,,2097152,"[2048, 1024]",N/A,cross_attn.k_proj.weight
15,dit_block,BFLOAT16,net.blocks.15.cross_attn.output_proj.weight,,4194304,"[2048, 2048]",N/A,cross_attn.output_proj.weight
15,dit_block,BFLOAT16,net.blocks.15.cross_attn.q_norm.weight,,128,[128],N/A,cross_attn.q_norm.weight
15,dit_block,BFLOAT16,net.blocks.15.cross_attn.q_proj.weight,,4194304,"[2048, 2048]",N/A,cross_attn.q_proj.weight
15,dit_block,BFLOAT16,net.blocks.15.cross_attn.v_proj.weight,,2097152,"[2048, 1024]",N/A,cross_attn.v_proj.weight
15,dit_block,BFLOAT16,net.blocks.15.mlp.layer1.weight,,16777216,"[8192, 2048]",N/A,mlp.layer1.weight
15,dit_block,BFLOAT16,net.blocks.15.mlp.layer2.weight,,16777216,"[2048, 8192]",N/A,mlp.layer2.weight
15,dit_block,BFLOAT16,net.blocks.15.self_attn.k_norm.weight,,128,[128],N/A,self_attn.k_norm.weight
15,dit_block,BFLOAT16,net.blocks.15.self_attn.k_proj.weight,,4194304,"[2048, 2048]",N/A,self_attn.k_proj.weight
15,dit_block,BFLOAT16,net.blocks.15.self_attn.output_proj.weight,,4194304,"[2048, 2048]",N/A,self_attn.output_proj.weight
15,dit_block,BFLOAT16,net.blocks.15.self_attn.q_norm.weight,,128,[128],N/A,self_attn.q_norm.weight
15,dit_block,BFLOAT16,net.blocks.15.self_attn.q_proj.weight,,4194304,"[2048, 2048]",N/A,self_attn.q_proj.weight
15,dit_block,BFLOAT16,net.blocks.15.self_attn.v_proj.weight,,4194304,"[2048, 2048]",N/A,self_attn.v_proj.weight
16,dit_block,BFLOAT16,net.blocks.16.adaln_modulation_cross_attn.1.weight,,524288,"[256, 2048]",N/A,adaln_modulation_cross_attn.1.weight
16,dit_block,BFLOAT16,net.blocks.16.adaln_modulation_cross_attn.2.weight,,1572864,"[6144, 256]",N/A,adaln_modulation_cross_attn.2.weight
16,dit_block,BFLOAT16,net.blocks.16.adaln_modulation_mlp.1.weight,,524288,"[256, 2048]",N/A,adaln_modulation_mlp.1.weight
16,dit_block,BFLOAT16,net.blocks.16.adaln_modulation_mlp.2.weight,,1572864,"[6144, 256]",N/A,adaln_modulation_mlp.2.weight
16,dit_block,BFLOAT16,net.blocks.16.adaln_modulation_self_attn.1.weight,,524288,"[256, 2048]",N/A,adaln_modulation_self_attn.1.weight
16,dit_block,BFLOAT16,net.blocks.16.adaln_modulation_self_attn.2.weight,,1572864,"[6144, 256]",N/A,adaln_modulation_self_attn.2.weight
16,dit_block,BFLOAT16,net.blocks.16.cross_attn.k_norm.weight,,128,[128],N/A,cross_attn.k_norm.weight
16,dit_block,BFLOAT16,net.blocks.16.cross_attn.k_proj.weight,,2097152,"[2048, 1024]",N/A,cross_attn.k_proj.weight
16,dit_block,BFLOAT16,net.blocks.16.cross_attn.output_proj.weight,,4194304,"[2048, 2048]",N/A,cross_attn.output_proj.weight
16,dit_block,BFLOAT16,net.blocks.16.cross_attn.q_norm.weight,,128,[128],N/A,cross_attn.q_norm.weight
16,dit_block,BFLOAT16,net.blocks.16.cross_attn.q_proj.weight,,4194304,"[2048, 2048]",N/A,cross_attn.q_proj.weight
16,dit_block,BFLOAT16,net.blocks.16.cross_attn.v_proj.weight,,2097152,"[2048, 1024]",N/A,cross_attn.v_proj.weight
16,dit_block,BFLOAT16,net.blocks.16.mlp.layer1.weight,,16777216,"[8192, 2048]",N/A,mlp.layer1.weight
16,dit_block,BFLOAT16,net.blocks.16.mlp.layer2.weight,,16777216,"[2048, 8192]",N/A,mlp.layer2.weight
16,dit_block,BFLOAT16,net.blocks.16.self_attn.k_norm.weight,,128,[128],N/A,self_attn.k_norm.weight
16,dit_block,BFLOAT16,net.blocks.16.self_attn.k_proj.weight,,4194304,"[2048, 2048]",N/A,self_attn.k_proj.weight
16,dit_block,BFLOAT16,net.blocks.16.self_attn.output_proj.weight,,4194304,"[2048, 2048]",N/A,self_attn.output_proj.weight
16,dit_block,BFLOAT16,net.blocks.16.self_attn.q_norm.weight,,128,[128],N/A,self_attn.q_norm.weight
16,dit_block,BFLOAT16,net.blocks.16.self_attn.q_proj.weight,,4194304,"[2048, 2048]",N/A,self_attn.q_proj.weight
16,dit_block,BFLOAT16,net.blocks.16.self_attn.v_proj.weight,,4194304,"[2048, 2048]",N/A,self_attn.v_proj.weight
17,dit_block,BFLOAT16,net.blocks.17.adaln_modulation_cross_attn.1.weight,,524288,"[256, 2048]",N/A,adaln_modulation_cross_attn.1.weight
17,dit_block,BFLOAT16,net.blocks.17.adaln_modulation_cross_attn.2.weight,,1572864,"[6144, 256]",N/A,adaln_modulation_cross_attn.2.weight
17,dit_block,BFLOAT16,net.blocks.17.adaln_modulation_mlp.1.weight,,524288,"[256, 2048]",N/A,adaln_modulation_mlp.1.weight
17,dit_block,BFLOAT16,net.blocks.17.adaln_modulation_mlp.2.weight,,1572864,"[6144, 256]",N/A,adaln_modulation_mlp.2.weight
17,dit_block,BFLOAT16,net.blocks.17.adaln_modulation_self_attn.1.weight,,524288,"[256, 2048]",N/A,adaln_modulation_self_attn.1.weight
17,dit_block,BFLOAT16,net.blocks.17.adaln_modulation_self_attn.2.weight,,1572864,"[6144, 256]",N/A,adaln_modulation_self_attn.2.weight
17,dit_block,BFLOAT16,net.blocks.17.cross_attn.k_norm.weight,,128,[128],N/A,cross_attn.k_norm.weight
17,dit_block,BFLOAT16,net.blocks.17.cross_attn.k_proj.weight,,2097152,"[2048, 1024]",N/A,cross_attn.k_proj.weight
17,dit_block,BFLOAT16,net.blocks.17.cross_attn.output_proj.weight,,4194304,"[2048, 2048]",N/A,cross_attn.output_proj.weight
17,dit_block,BFLOAT16,net.blocks.17.cross_attn.q_norm.weight,,128,[128],N/A,cross_attn.q_norm.weight
17,dit_block,BFLOAT16,net.blocks.17.cross_attn.q_proj.weight,,4194304,"[2048, 2048]",N/A,cross_attn.q_proj.weight
17,dit_block,BFLOAT16,net.blocks.17.cross_attn.v_proj.weight,,2097152,"[2048, 1024]",N/A,cross_attn.v_proj.weight
17,dit_block,BFLOAT16,net.blocks.17.mlp.layer1.weight,,16777216,"[8192, 2048]",N/A,mlp.layer1.weight
17,dit_block,BFLOAT16,net.blocks.17.mlp.layer2.weight,,16777216,"[2048, 8192]",N/A,mlp.layer2.weight
17,dit_block,BFLOAT16,net.blocks.17.self_attn.k_norm.weight,,128,[128],N/A,self_attn.k_norm.weight
17,dit_block,BFLOAT16,net.blocks.17.self_attn.k_proj.weight,,4194304,"[2048, 2048]",N/A,self_attn.k_proj.weight
17,dit_block,BFLOAT16,net.blocks.17.self_attn.output_proj.weight,,4194304,"[2048, 2048]",N/A,self_attn.output_proj.weight
17,dit_block,BFLOAT16,net.blocks.17.self_attn.q_norm.weight,,128,[128],N/A,self_attn.q_norm.weight
17,dit_block,BFLOAT16,net.blocks.17.self_attn.q_proj.weight,,4194304,"[2048, 2048]",N/A,self_attn.q_proj.weight
17,dit_block,BFLOAT16,net.blocks.17.self_attn.v_proj.weight,,4194304,"[2048, 2048]",N/A,self_attn.v_proj.weight
18,dit_block,BFLOAT16,net.blocks.18.adaln_modulation_cross_attn.1.weight,,524288,"[256, 2048]",N/A,adaln_modulation_cross_attn.1.weight
18,dit_block,BFLOAT16,net.blocks.18.adaln_modulation_cross_attn.2.weight,,1572864,"[6144, 256]",N/A,adaln_modulation_cross_attn.2.weight
18,dit_block,BFLOAT16,net.blocks.18.adaln_modulation_mlp.1.weight,,524288,"[256, 2048]",N/A,adaln_modulation_mlp.1.weight
18,dit_block,BFLOAT16,net.blocks.18.adaln_modulation_mlp.2.weight,,1572864,"[6144, 256]",N/A,adaln_modulation_mlp.2.weight
18,dit_block,BFLOAT16,net.blocks.18.adaln_modulation_self_attn.1.weight,,524288,"[256, 2048]",N/A,adaln_modulation_self_attn.1.weight
18,dit_block,BFLOAT16,net.blocks.18.adaln_modulation_self_attn.2.weight,,1572864,"[6144, 256]",N/A,adaln_modulation_self_attn.2.weight
18,dit_block,BFLOAT16,net.blocks.18.cross_attn.k_norm.weight,,128,[128],N/A,cross_attn.k_norm.weight
18,dit_block,BFLOAT16,net.blocks.18.cross_attn.k_proj.weight,,2097152,"[2048, 1024]",N/A,cross_attn.k_proj.weight
18,dit_block,BFLOAT16,net.blocks.18.cross_attn.output_proj.weight,,4194304,"[2048, 2048]",N/A,cross_attn.output_proj.weight
18,dit_block,BFLOAT16,net.blocks.18.cross_attn.q_norm.weight,,128,[128],N/A,cross_attn.q_norm.weight
18,dit_block,BFLOAT16,net.blocks.18.cross_attn.q_proj.weight,,4194304,"[2048, 2048]",N/A,cross_attn.q_proj.weight
18,dit_block,BFLOAT16,net.blocks.18.cross_attn.v_proj.weight,,2097152,"[2048, 1024]",N/A,cross_attn.v_proj.weight
18,dit_block,BFLOAT16,net.blocks.18.mlp.layer1.weight,,16777216,"[8192, 2048]",N/A,mlp.layer1.weight
18,dit_block,BFLOAT16,net.blocks.18.mlp.layer2.weight,,16777216,"[2048, 8192]",N/A,mlp.layer2.weight
18,dit_block,BFLOAT16,net.blocks.18.self_attn.k_norm.weight,,128,[128],N/A,self_attn.k_norm.weight
18,dit_block,BFLOAT16,net.blocks.18.self_attn.k_proj.weight,,4194304,"[2048, 2048]",N/A,self_attn.k_proj.weight
18,dit_block,BFLOAT16,net.blocks.18.self_attn.output_proj.weight,,4194304,"[2048, 2048]",N/A,self_attn.output_proj.weight
18,dit_block,BFLOAT16,net.blocks.18.self_attn.q_norm.weight,,128,[128],N/A,self_attn.q_norm.weight
18,dit_block,BFLOAT16,net.blocks.18.self_attn.q_proj.weight,,4194304,"[2048, 2048]",N/A,self_attn.q_proj.weight
18,dit_block,BFLOAT16,net.blocks.18.self_attn.v_proj.weight,,4194304,"[2048, 2048]",N/A,self_attn.v_proj.weight
19,dit_block,BFLOAT16,net.blocks.19.adaln_modulation_cross_attn.1.weight,,524288,"[256, 2048]",N/A,adaln_modulation_cross_attn.1.weight
19,dit_block,BFLOAT16,net.blocks.19.adaln_modulation_cross_attn.2.weight,,1572864,"[6144, 256]",N/A,adaln_modulation_cross_attn.2.weight
19,dit_block,BFLOAT16,net.blocks.19.adaln_modulation_mlp.1.weight,,524288,"[256, 2048]",N/A,adaln_modulation_mlp.1.weight
19,dit_block,BFLOAT16,net.blocks.19.adaln_modulation_mlp.2.weight,,1572864,"[6144, 256]",N/A,adaln_modulation_mlp.2.weight
19,dit_block,BFLOAT16,net.blocks.19.adaln_modulation_self_attn.1.weight,,524288,"[256, 2048]",N/A,adaln_modulation_self_attn.1.weight
19,dit_block,BFLOAT16,net.blocks.19.adaln_modulation_self_attn.2.weight,,1572864,"[6144, 256]",N/A,adaln_modulation_self_attn.2.weight
19,dit_block,BFLOAT16,net.blocks.19.cross_attn.k_norm.weight,,128,[128],N/A,cross_attn.k_norm.weight
19,dit_block,BFLOAT16,net.blocks.19.cross_attn.k_proj.weight,,2097152,"[2048, 1024]",N/A,cross_attn.k_proj.weight
19,dit_block,BFLOAT16,net.blocks.19.cross_attn.output_proj.weight,,4194304,"[2048, 2048]",N/A,cross_attn.output_proj.weight
19,dit_block,BFLOAT16,net.blocks.19.cross_attn.q_norm.weight,,128,[128],N/A,cross_attn.q_norm.weight
19,dit_block,BFLOAT16,net.blocks.19.cross_attn.q_proj.weight,,4194304,"[2048, 2048]",N/A,cross_attn.q_proj.weight
19,dit_block,BFLOAT16,net.blocks.19.cross_attn.v_proj.weight,,2097152,"[2048, 1024]",N/A,cross_attn.v_proj.weight
19,dit_block,BFLOAT16,net.blocks.19.mlp.layer1.weight,,16777216,"[8192, 2048]",N/A,mlp.layer1.weight
19,dit_block,BFLOAT16,net.blocks.19.mlp.layer2.weight,,16777216,"[2048, 8192]",N/A,mlp.layer2.weight
19,dit_block,BFLOAT16,net.blocks.19.self_attn.k_norm.weight,,128,[128],N/A,self_attn.k_norm.weight
19,dit_block,BFLOAT16,net.blocks.19.self_attn.k_proj.weight,,4194304,"[2048, 2048]",N/A,self_attn.k_proj.weight
19,dit_block,BFLOAT16,net.blocks.19.self_attn.output_proj.weight,,4194304,"[2048, 2048]",N/A,self_attn.output_proj.weight
19,dit_block,BFLOAT16,net.blocks.19.self_attn.q_norm.weight,,128,[128],N/A,self_attn.q_norm.weight
19,dit_block,BFLOAT16,net.blocks.19.self_attn.q_proj.weight,,4194304,"[2048, 2048]",N/A,self_attn.q_proj.weight
19,dit_block,BFLOAT16,net.blocks.19.self_attn.v_proj.weight,,4194304,"[2048, 2048]",N/A,self_attn.v_proj.weight
2,dit_block,BFLOAT16,net.blocks.2.adaln_modulation_cross_attn.1.weight,,524288,"[256, 2048]",N/A,adaln_modulation_cross_attn.1.weight
2,dit_block,BFLOAT16,net.blocks.2.adaln_modulation_cross_attn.2.weight,,1572864,"[6144, 256]",N/A,adaln_modulation_cross_attn.2.weight
2,dit_block,BFLOAT16,net.blocks.2.adaln_modulation_mlp.1.weight,,524288,"[256, 2048]",N/A,adaln_modulation_mlp.1.weight
2,dit_block,BFLOAT16,net.blocks.2.adaln_modulation_mlp.2.weight,,1572864,"[6144, 256]",N/A,adaln_modulation_mlp.2.weight
2,dit_block,BFLOAT16,net.blocks.2.adaln_modulation_self_attn.1.weight,,524288,"[256, 2048]",N/A,adaln_modulation_self_attn.1.weight
2,dit_block,BFLOAT16,net.blocks.2.adaln_modulation_self_attn.2.weight,,1572864,"[6144, 256]",N/A,adaln_modulation_self_attn.2.weight
2,dit_block,BFLOAT16,net.blocks.2.cross_attn.k_norm.weight,,128,[128],N/A,cross_attn.k_norm.weight
2,dit_block,BFLOAT16,net.blocks.2.cross_attn.k_proj.weight,,2097152,"[2048, 1024]",N/A,cross_attn.k_proj.weight
2,dit_block,BFLOAT16,net.blocks.2.cross_attn.output_proj.weight,,4194304,"[2048, 2048]",N/A,cross_attn.output_proj.weight
2,dit_block,BFLOAT16,net.blocks.2.cross_attn.q_norm.weight,,128,[128],N/A,cross_attn.q_norm.weight
2,dit_block,BFLOAT16,net.blocks.2.cross_attn.q_proj.weight,,4194304,"[2048, 2048]",N/A,cross_attn.q_proj.weight
2,dit_block,BFLOAT16,net.blocks.2.cross_attn.v_proj.weight,,2097152,"[2048, 1024]",N/A,cross_attn.v_proj.weight
2,dit_block,BFLOAT16,net.blocks.2.mlp.layer1.weight,,16777216,"[8192, 2048]",N/A,mlp.layer1.weight
2,dit_block,BFLOAT16,net.blocks.2.mlp.layer2.weight,,16777216,"[2048, 8192]",N/A,mlp.layer2.weight
2,dit_block,BFLOAT16,net.blocks.2.self_attn.k_norm.weight,,128,[128],N/A,self_attn.k_norm.weight
2,dit_block,BFLOAT16,net.blocks.2.self_attn.k_proj.weight,,4194304,"[2048, 2048]",N/A,self_attn.k_proj.weight
2,dit_block,BFLOAT16,net.blocks.2.self_attn.output_proj.weight,,4194304,"[2048, 2048]",N/A,self_attn.output_proj.weight
2,dit_block,BFLOAT16,net.blocks.2.self_attn.q_norm.weight,,128,[128],N/A,self_attn.q_norm.weight
2,dit_block,BFLOAT16,net.blocks.2.self_attn.q_proj.weight,,4194304,"[2048, 2048]",N/A,self_attn.q_proj.weight
2,dit_block,BFLOAT16,net.blocks.2.self_attn.v_proj.weight,,4194304,"[2048, 2048]",N/A,self_attn.v_proj.weight
20,dit_block,BFLOAT16,net.blocks.20.adaln_modulation_cross_attn.1.weight,,524288,"[256, 2048]",N/A,adaln_modulation_cross_attn.1.weight
20,dit_block,BFLOAT16,net.blocks.20.adaln_modulation_cross_attn.2.weight,,1572864,"[6144, 256]",N/A,adaln_modulation_cross_attn.2.weight
20,dit_block,BFLOAT16,net.blocks.20.adaln_modulation_mlp.1.weight,,524288,"[256, 2048]",N/A,adaln_modulation_mlp.1.weight
20,dit_block,BFLOAT16,net.blocks.20.adaln_modulation_mlp.2.weight,,1572864,"[6144, 256]",N/A,adaln_modulation_mlp.2.weight
20,dit_block,BFLOAT16,net.blocks.20.adaln_modulation_self_attn.1.weight,,524288,"[256, 2048]",N/A,adaln_modulation_self_attn.1.weight
20,dit_block,BFLOAT16,net.blocks.20.adaln_modulation_self_attn.2.weight,,1572864,"[6144, 256]",N/A,adaln_modulation_self_attn.2.weight
20,dit_block,BFLOAT16,net.blocks.20.cross_attn.k_norm.weight,,128,[128],N/A,cross_attn.k_norm.weight
20,dit_block,BFLOAT16,net.blocks.20.cross_attn.k_proj.weight,,2097152,"[2048, 1024]",N/A,cross_attn.k_proj.weight
20,dit_block,BFLOAT16,net.blocks.20.cross_attn.output_proj.weight,,4194304,"[2048, 2048]",N/A,cross_attn.output_proj.weight
20,dit_block,BFLOAT16,net.blocks.20.cross_attn.q_norm.weight,,128,[128],N/A,cross_attn.q_norm.weight
20,dit_block,BFLOAT16,net.blocks.20.cross_attn.q_proj.weight,,4194304,"[2048, 2048]",N/A,cross_attn.q_proj.weight
20,dit_block,BFLOAT16,net.blocks.20.cross_attn.v_proj.weight,,2097152,"[2048, 1024]",N/A,cross_attn.v_proj.weight
20,dit_block,BFLOAT16,net.blocks.20.mlp.layer1.weight,,16777216,"[8192, 2048]",N/A,mlp.layer1.weight
20,dit_block,BFLOAT16,net.blocks.20.mlp.layer2.weight,,16777216,"[2048, 8192]",N/A,mlp.layer2.weight
20,dit_block,BFLOAT16,net.blocks.20.self_attn.k_norm.weight,,128,[128],N/A,self_attn.k_norm.weight
20,dit_block,BFLOAT16,net.blocks.20.self_attn.k_proj.weight,,4194304,"[2048, 2048]",N/A,self_attn.k_proj.weight
20,dit_block,BFLOAT16,net.blocks.20.self_attn.output_proj.weight,,4194304,"[2048, 2048]",N/A,self_attn.output_proj.weight
20,dit_block,BFLOAT16,net.blocks.20.self_attn.q_norm.weight,,128,[128],N/A,self_attn.q_norm.weight
20,dit_block,BFLOAT16,net.blocks.20.self_attn.q_proj.weight,,4194304,"[2048, 2048]",N/A,self_attn.q_proj.weight
20,dit_block,BFLOAT16,net.blocks.20.self_attn.v_proj.weight,,4194304,"[2048, 2048]",N/A,self_attn.v_proj.weight
21,dit_block,BFLOAT16,net.blocks.21.adaln_modulation_cross_attn.1.weight,,524288,"[256, 2048]",N/A,adaln_modulation_cross_attn.1.weight
21,dit_block,BFLOAT16,net.blocks.21.adaln_modulation_cross_attn.2.weight,,1572864,"[6144, 256]",N/A,adaln_modulation_cross_attn.2.weight
21,dit_block,BFLOAT16,net.blocks.21.adaln_modulation_mlp.1.weight,,524288,"[256, 2048]",N/A,adaln_modulation_mlp.1.weight
21,dit_block,BFLOAT16,net.blocks.21.adaln_modulation_mlp.2.weight,,1572864,"[6144, 256]",N/A,adaln_modulation_mlp.2.weight
21,dit_block,BFLOAT16,net.blocks.21.adaln_modulation_self_attn.1.weight,,524288,"[256, 2048]",N/A,adaln_modulation_self_attn.1.weight
21,dit_block,BFLOAT16,net.blocks.21.adaln_modulation_self_attn.2.weight,,1572864,"[6144, 256]",N/A,adaln_modulation_self_attn.2.weight
21,dit_block,BFLOAT16,net.blocks.21.cross_attn.k_norm.weight,,128,[128],N/A,cross_attn.k_norm.weight
21,dit_block,BFLOAT16,net.blocks.21.cross_attn.k_proj.weight,,2097152,"[2048, 1024]",N/A,cross_attn.k_proj.weight
21,dit_block,BFLOAT16,net.blocks.21.cross_attn.output_proj.weight,,4194304,"[2048, 2048]",N/A,cross_attn.output_proj.weight
21,dit_block,BFLOAT16,net.blocks.21.cross_attn.q_norm.weight,,128,[128],N/A,cross_attn.q_norm.weight
21,dit_block,BFLOAT16,net.blocks.21.cross_attn.q_proj.weight,,4194304,"[2048, 2048]",N/A,cross_attn.q_proj.weight
21,dit_block,BFLOAT16,net.blocks.21.cross_attn.v_proj.weight,,2097152,"[2048, 1024]",N/A,cross_attn.v_proj.weight
21,dit_block,BFLOAT16,net.blocks.21.mlp.layer1.weight,,16777216,"[8192, 2048]",N/A,mlp.layer1.weight
21,dit_block,BFLOAT16,net.blocks.21.mlp.layer2.weight,,16777216,"[2048, 8192]",N/A,mlp.layer2.weight
21,dit_block,BFLOAT16,net.blocks.21.self_attn.k_norm.weight,,128,[128],N/A,self_attn.k_norm.weight
21,dit_block,BFLOAT16,net.blocks.21.self_attn.k_proj.weight,,4194304,"[2048, 2048]",N/A,self_attn.k_proj.weight
21,dit_block,BFLOAT16,net.blocks.21.self_attn.output_proj.weight,,4194304,"[2048, 2048]",N/A,self_attn.output_proj.weight
21,dit_block,BFLOAT16,net.blocks.21.self_attn.q_norm.weight,,128,[128],N/A,self_attn.q_norm.weight
21,dit_block,BFLOAT16,net.blocks.21.self_attn.q_proj.weight,,4194304,"[2048, 2048]",N/A,self_attn.q_proj.weight
21,dit_block,BFLOAT16,net.blocks.21.self_attn.v_proj.weight,,4194304,"[2048, 2048]",N/A,self_attn.v_proj.weight
22,dit_block,BFLOAT16,net.blocks.22.adaln_modulation_cross_attn.1.weight,,524288,"[256, 2048]",N/A,adaln_modulation_cross_attn.1.weight
22,dit_block,BFLOAT16,net.blocks.22.adaln_modulation_cross_attn.2.weight,,1572864,"[6144, 256]",N/A,adaln_modulation_cross_attn.2.weight
22,dit_block,BFLOAT16,net.blocks.22.adaln_modulation_mlp.1.weight,,524288,"[256, 2048]",N/A,adaln_modulation_mlp.1.weight
22,dit_block,BFLOAT16,net.blocks.22.adaln_modulation_mlp.2.weight,,1572864,"[6144, 256]",N/A,adaln_modulation_mlp.2.weight
22,dit_block,BFLOAT16,net.blocks.22.adaln_modulation_self_attn.1.weight,,524288,"[256, 2048]",N/A,adaln_modulation_self_attn.1.weight
22,dit_block,BFLOAT16,net.blocks.22.adaln_modulation_self_attn.2.weight,,1572864,"[6144, 256]",N/A,adaln_modulation_self_attn.2.weight
22,dit_block,BFLOAT16,net.blocks.22.cross_attn.k_norm.weight,,128,[128],N/A,cross_attn.k_norm.weight
22,dit_block,BFLOAT16,net.blocks.22.cross_attn.k_proj.weight,,2097152,"[2048, 1024]",N/A,cross_attn.k_proj.weight
22,dit_block,BFLOAT16,net.blocks.22.cross_attn.output_proj.weight,,4194304,"[2048, 2048]",N/A,cross_attn.output_proj.weight
22,dit_block,BFLOAT16,net.blocks.22.cross_attn.q_norm.weight,,128,[128],N/A,cross_attn.q_norm.weight
22,dit_block,BFLOAT16,net.blocks.22.cross_attn.q_proj.weight,,4194304,"[2048, 2048]",N/A,cross_attn.q_proj.weight
22,dit_block,BFLOAT16,net.blocks.22.cross_attn.v_proj.weight,,2097152,"[2048, 1024]",N/A,cross_attn.v_proj.weight
22,dit_block,BFLOAT16,net.blocks.22.mlp.layer1.weight,,16777216,"[8192, 2048]",N/A,mlp.layer1.weight
22,dit_block,BFLOAT16,net.blocks.22.mlp.layer2.weight,,16777216,"[2048, 8192]",N/A,mlp.layer2.weight
22,dit_block,BFLOAT16,net.blocks.22.self_attn.k_norm.weight,,128,[128],N/A,self_attn.k_norm.weight
22,dit_block,BFLOAT16,net.blocks.22.self_attn.k_proj.weight,,4194304,"[2048, 2048]",N/A,self_attn.k_proj.weight
22,dit_block,BFLOAT16,net.blocks.22.self_attn.output_proj.weight,,4194304,"[2048, 2048]",N/A,self_attn.output_proj.weight
22,dit_block,BFLOAT16,net.blocks.22.self_attn.q_norm.weight,,128,[128],N/A,self_attn.q_norm.weight
22,dit_block,BFLOAT16,net.blocks.22.self_attn.q_proj.weight,,4194304,"[2048, 2048]",N/A,self_attn.q_proj.weight
22,dit_block,BFLOAT16,net.blocks.22.self_attn.v_proj.weight,,4194304,"[2048, 2048]",N/A,self_attn.v_proj.weight
23,dit_block,BFLOAT16,net.blocks.23.adaln_modulation_cross_attn.1.weight,,524288,"[256, 2048]",N/A,adaln_modulation_cross_attn.1.weight
23,dit_block,BFLOAT16,net.blocks.23.adaln_modulation_cross_attn.2.weight,,1572864,"[6144, 256]",N/A,adaln_modulation_cross_attn.2.weight
23,dit_block,BFLOAT16,net.blocks.23.adaln_modulation_mlp.1.weight,,524288,"[256, 2048]",N/A,adaln_modulation_mlp.1.weight
23,dit_block,BFLOAT16,net.blocks.23.adaln_modulation_mlp.2.weight,,1572864,"[6144, 256]",N/A,adaln_modulation_mlp.2.weight
23,dit_block,BFLOAT16,net.blocks.23.adaln_modulation_self_attn.1.weight,,524288,"[256, 2048]",N/A,adaln_modulation_self_attn.1.weight
23,dit_block,BFLOAT16,net.blocks.23.adaln_modulation_self_attn.2.weight,,1572864,"[6144, 256]",N/A,adaln_modulation_self_attn.2.weight
23,dit_block,BFLOAT16,net.blocks.23.cross_attn.k_norm.weight,,128,[128],N/A,cross_attn.k_norm.weight
23,dit_block,BFLOAT16,net.blocks.23.cross_attn.k_proj.weight,,2097152,"[2048, 1024]",N/A,cross_attn.k_proj.weight
23,dit_block,BFLOAT16,net.blocks.23.cross_attn.output_proj.weight,,4194304,"[2048, 2048]",N/A,cross_attn.output_proj.weight
23,dit_block,BFLOAT16,net.blocks.23.cross_attn.q_norm.weight,,128,[128],N/A,cross_attn.q_norm.weight
23,dit_block,BFLOAT16,net.blocks.23.cross_attn.q_proj.weight,,4194304,"[2048, 2048]",N/A,cross_attn.q_proj.weight
23,dit_block,BFLOAT16,net.blocks.23.cross_attn.v_proj.weight,,2097152,"[2048, 1024]",N/A,cross_attn.v_proj.weight
23,dit_block,BFLOAT16,net.blocks.23.mlp.layer1.weight,,16777216,"[8192, 2048]",N/A,mlp.layer1.weight
23,dit_block,BFLOAT16,net.blocks.23.mlp.layer2.weight,,16777216,"[2048, 8192]",N/A,mlp.layer2.weight
23,dit_block,BFLOAT16,net.blocks.23.self_attn.k_norm.weight,,128,[128],N/A,self_attn.k_norm.weight
23,dit_block,BFLOAT16,net.blocks.23.self_attn.k_proj.weight,,4194304,"[2048, 2048]",N/A,self_attn.k_proj.weight
23,dit_block,BFLOAT16,net.blocks.23.self_attn.output_proj.weight,,4194304,"[2048, 2048]",N/A,self_attn.output_proj.weight
23,dit_block,BFLOAT16,net.blocks.23.self_attn.q_norm.weight,,128,[128],N/A,self_attn.q_norm.weight
23,dit_block,BFLOAT16,net.blocks.23.self_attn.q_proj.weight,,4194304,"[2048, 2048]",N/A,self_attn.q_proj.weight
23,dit_block,BFLOAT16,net.blocks.23.self_attn.v_proj.weight,,4194304,"[2048, 2048]",N/A,self_attn.v_proj.weight
24,dit_block,BFLOAT16,net.blocks.24.adaln_modulation_cross_attn.1.weight,,524288,"[256, 2048]",N/A,adaln_modulation_cross_attn.1.weight
24,dit_block,BFLOAT16,net.blocks.24.adaln_modulation_cross_attn.2.weight,,1572864,"[6144, 256]",N/A,adaln_modulation_cross_attn.2.weight
24,dit_block,BFLOAT16,net.blocks.24.adaln_modulation_mlp.1.weight,,524288,"[256, 2048]",N/A,adaln_modulation_mlp.1.weight
24,dit_block,BFLOAT16,net.blocks.24.adaln_modulation_mlp.2.weight,,1572864,"[6144, 256]",N/A,adaln_modulation_mlp.2.weight
24,dit_block,BFLOAT16,net.blocks.24.adaln_modulation_self_attn.1.weight,,524288,"[256, 2048]",N/A,adaln_modulation_self_attn.1.weight
24,dit_block,BFLOAT16,net.blocks.24.adaln_modulation_self_attn.2.weight,,1572864,"[6144, 256]",N/A,adaln_modulation_self_attn.2.weight
24,dit_block,BFLOAT16,net.blocks.24.cross_attn.k_norm.weight,,128,[128],N/A,cross_attn.k_norm.weight
24,dit_block,BFLOAT16,net.blocks.24.cross_attn.k_proj.weight,,2097152,"[2048, 1024]",N/A,cross_attn.k_proj.weight
24,dit_block,BFLOAT16,net.blocks.24.cross_attn.output_proj.weight,,4194304,"[2048, 2048]",N/A,cross_attn.output_proj.weight
24,dit_block,BFLOAT16,net.blocks.24.cross_attn.q_norm.weight,,128,[128],N/A,cross_attn.q_norm.weight
24,dit_block,BFLOAT16,net.blocks.24.cross_attn.q_proj.weight,,4194304,"[2048, 2048]",N/A,cross_attn.q_proj.weight
24,dit_block,BFLOAT16,net.blocks.24.cross_attn.v_proj.weight,,2097152,"[2048, 1024]",N/A,cross_attn.v_proj.weight
24,dit_block,BFLOAT16,net.blocks.24.mlp.layer1.weight,,16777216,"[8192, 2048]",N/A,mlp.layer1.weight
24,dit_block,BFLOAT16,net.blocks.24.mlp.layer2.weight,,16777216,"[2048, 8192]",N/A,mlp.layer2.weight
24,dit_block,BFLOAT16,net.blocks.24.self_attn.k_norm.weight,,128,[128],N/A,self_attn.k_norm.weight
24,dit_block,BFLOAT16,net.blocks.24.self_attn.k_proj.weight,,4194304,"[2048, 2048]",N/A,self_attn.k_proj.weight
24,dit_block,BFLOAT16,net.blocks.24.self_attn.output_proj.weight,,4194304,"[2048, 2048]",N/A,self_attn.output_proj.weight
24,dit_block,BFLOAT16,net.blocks.24.self_attn.q_norm.weight,,128,[128],N/A,self_attn.q_norm.weight
24,dit_block,BFLOAT16,net.blocks.24.self_attn.q_proj.weight,,4194304,"[2048, 2048]",N/A,self_attn.q_proj.weight
24,dit_block,BFLOAT16,net.blocks.24.self_attn.v_proj.weight,,4194304,"[2048, 2048]",N/A,self_attn.v_proj.weight
25,dit_block,BFLOAT16,net.blocks.25.adaln_modulation_cross_attn.1.weight,,524288,"[256, 2048]",N/A,adaln_modulation_cross_attn.1.weight
25,dit_block,BFLOAT16,net.blocks.25.adaln_modulation_cross_attn.2.weight,,1572864,"[6144, 256]",N/A,adaln_modulation_cross_attn.2.weight
25,dit_block,BFLOAT16,net.blocks.25.adaln_modulation_mlp.1.weight,,524288,"[256, 2048]",N/A,adaln_modulation_mlp.1.weight
25,dit_block,BFLOAT16,net.blocks.25.adaln_modulation_mlp.2.weight,,1572864,"[6144, 256]",N/A,adaln_modulation_mlp.2.weight
25,dit_block,BFLOAT16,net.blocks.25.adaln_modulation_self_attn.1.weight,,524288,"[256, 2048]",N/A,adaln_modulation_self_attn.1.weight
25,dit_block,BFLOAT16,net.blocks.25.adaln_modulation_self_attn.2.weight,,1572864,"[6144, 256]",N/A,adaln_modulation_self_attn.2.weight
25,dit_block,BFLOAT16,net.blocks.25.cross_attn.k_norm.weight,,128,[128],N/A,cross_attn.k_norm.weight
25,dit_block,BFLOAT16,net.blocks.25.cross_attn.k_proj.weight,,2097152,"[2048, 1024]",N/A,cross_attn.k_proj.weight
25,dit_block,BFLOAT16,net.blocks.25.cross_attn.output_proj.weight,,4194304,"[2048, 2048]",N/A,cross_attn.output_proj.weight
25,dit_block,BFLOAT16,net.blocks.25.cross_attn.q_norm.weight,,128,[128],N/A,cross_attn.q_norm.weight
25,dit_block,BFLOAT16,net.blocks.25.cross_attn.q_proj.weight,,4194304,"[2048, 2048]",N/A,cross_attn.q_proj.weight
25,dit_block,BFLOAT16,net.blocks.25.cross_attn.v_proj.weight,,2097152,"[2048, 1024]",N/A,cross_attn.v_proj.weight
25,dit_block,BFLOAT16,net.blocks.25.mlp.layer1.weight,,16777216,"[8192, 2048]",N/A,mlp.layer1.weight
25,dit_block,BFLOAT16,net.blocks.25.mlp.layer2.weight,,16777216,"[2048, 8192]",N/A,mlp.layer2.weight
25,dit_block,BFLOAT16,net.blocks.25.self_attn.k_norm.weight,,128,[128],N/A,self_attn.k_norm.weight
25,dit_block,BFLOAT16,net.blocks.25.self_attn.k_proj.weight,,4194304,"[2048, 2048]",N/A,self_attn.k_proj.weight
25,dit_block,BFLOAT16,net.blocks.25.self_attn.output_proj.weight,,4194304,"[2048, 2048]",N/A,self_attn.output_proj.weight
25,dit_block,BFLOAT16,net.blocks.25.self_attn.q_norm.weight,,128,[128],N/A,self_attn.q_norm.weight
25,dit_block,BFLOAT16,net.blocks.25.self_attn.q_proj.weight,,4194304,"[2048, 2048]",N/A,self_attn.q_proj.weight
25,dit_block,BFLOAT16,net.blocks.25.self_attn.v_proj.weight,,4194304,"[2048, 2048]",N/A,self_attn.v_proj.weight
26,dit_block,BFLOAT16,net.blocks.26.adaln_modulation_cross_attn.1.weight,,524288,"[256, 2048]",N/A,adaln_modulation_cross_attn.1.weight
26,dit_block,BFLOAT16,net.blocks.26.adaln_modulation_cross_attn.2.weight,,1572864,"[6144, 256]",N/A,adaln_modulation_cross_attn.2.weight
26,dit_block,BFLOAT16,net.blocks.26.adaln_modulation_mlp.1.weight,,524288,"[256, 2048]",N/A,adaln_modulation_mlp.1.weight
26,dit_block,BFLOAT16,net.blocks.26.adaln_modulation_mlp.2.weight,,1572864,"[6144, 256]",N/A,adaln_modulation_mlp.2.weight
26,dit_block,BFLOAT16,net.blocks.26.adaln_modulation_self_attn.1.weight,,524288,"[256, 2048]",N/A,adaln_modulation_self_attn.1.weight
26,dit_block,BFLOAT16,net.blocks.26.adaln_modulation_self_attn.2.weight,,1572864,"[6144, 256]",N/A,adaln_modulation_self_attn.2.weight
26,dit_block,BFLOAT16,net.blocks.26.cross_attn.k_norm.weight,,128,[128],N/A,cross_attn.k_norm.weight
26,dit_block,BFLOAT16,net.blocks.26.cross_attn.k_proj.weight,,2097152,"[2048, 1024]",N/A,cross_attn.k_proj.weight
26,dit_block,BFLOAT16,net.blocks.26.cross_attn.output_proj.weight,,4194304,"[2048, 2048]",N/A,cross_attn.output_proj.weight
26,dit_block,BFLOAT16,net.blocks.26.cross_attn.q_norm.weight,,128,[128],N/A,cross_attn.q_norm.weight
26,dit_block,BFLOAT16,net.blocks.26.cross_attn.q_proj.weight,,4194304,"[2048, 2048]",N/A,cross_attn.q_proj.weight
26,dit_block,BFLOAT16,net.blocks.26.cross_attn.v_proj.weight,,2097152,"[2048, 1024]",N/A,cross_attn.v_proj.weight
26,dit_block,BFLOAT16,net.blocks.26.mlp.layer1.weight,,16777216,"[8192, 2048]",N/A,mlp.layer1.weight
26,dit_block,BFLOAT16,net.blocks.26.mlp.layer2.weight,,16777216,"[2048, 8192]",N/A,mlp.layer2.weight
26,dit_block,BFLOAT16,net.blocks.26.self_attn.k_norm.weight,,128,[128],N/A,self_attn.k_norm.weight
26,dit_block,BFLOAT16,net.blocks.26.self_attn.k_proj.weight,,4194304,"[2048, 2048]",N/A,self_attn.k_proj.weight
26,dit_block,BFLOAT16,net.blocks.26.self_attn.output_proj.weight,,4194304,"[2048, 2048]",N/A,self_attn.output_proj.weight
26,dit_block,BFLOAT16,net.blocks.26.self_attn.q_norm.weight,,128,[128],N/A,self_attn.q_norm.weight
26,dit_block,BFLOAT16,net.blocks.26.self_attn.q_proj.weight,,4194304,"[2048, 2048]",N/A,self_attn.q_proj.weight
26,dit_block,BFLOAT16,net.blocks.26.self_attn.v_proj.weight,,4194304,"[2048, 2048]",N/A,self_attn.v_proj.weight
27,dit_block,BFLOAT16,net.blocks.27.adaln_modulation_cross_attn.1.weight,,524288,"[256, 2048]",N/A,adaln_modulation_cross_attn.1.weight
27,dit_block,BFLOAT16,net.blocks.27.adaln_modulation_cross_attn.2.weight,,1572864,"[6144, 256]",N/A,adaln_modulation_cross_attn.2.weight
27,dit_block,BFLOAT16,net.blocks.27.adaln_modulation_mlp.1.weight,,524288,"[256, 2048]",N/A,adaln_modulation_mlp.1.weight
27,dit_block,BFLOAT16,net.blocks.27.adaln_modulation_mlp.2.weight,,1572864,"[6144, 256]",N/A,adaln_modulation_mlp.2.weight
27,dit_block,BFLOAT16,net.blocks.27.adaln_modulation_self_attn.1.weight,,524288,"[256, 2048]",N/A,adaln_modulation_self_attn.1.weight
27,dit_block,BFLOAT16,net.blocks.27.adaln_modulation_self_attn.2.weight,,1572864,"[6144, 256]",N/A,adaln_modulation_self_attn.2.weight
27,dit_block,BFLOAT16,net.blocks.27.cross_attn.k_norm.weight,,128,[128],N/A,cross_attn.k_norm.weight
27,dit_block,BFLOAT16,net.blocks.27.cross_attn.k_proj.weight,,2097152,"[2048, 1024]",N/A,cross_attn.k_proj.weight
27,dit_block,BFLOAT16,net.blocks.27.cross_attn.output_proj.weight,,4194304,"[2048, 2048]",N/A,cross_attn.output_proj.weight
27,dit_block,BFLOAT16,net.blocks.27.cross_attn.q_norm.weight,,128,[128],N/A,cross_attn.q_norm.weight
27,dit_block,BFLOAT16,net.blocks.27.cross_attn.q_proj.weight,,4194304,"[2048, 2048]",N/A,cross_attn.q_proj.weight
27,dit_block,BFLOAT16,net.blocks.27.cross_attn.v_proj.weight,,2097152,"[2048, 1024]",N/A,cross_attn.v_proj.weight
27,dit_block,BFLOAT16,net.blocks.27.mlp.layer1.weight,,16777216,"[8192, 2048]",N/A,mlp.layer1.weight
27,dit_block,BFLOAT16,net.blocks.27.mlp.layer2.weight,,16777216,"[2048, 8192]",N/A,mlp.layer2.weight
27,dit_block,BFLOAT16,net.blocks.27.self_attn.k_norm.weight,,128,[128],N/A,self_attn.k_norm.weight
27,dit_block,BFLOAT16,net.blocks.27.self_attn.k_proj.weight,,4194304,"[2048, 2048]",N/A,self_attn.k_proj.weight
27,dit_block,BFLOAT16,net.blocks.27.self_attn.output_proj.weight,,4194304,"[2048, 2048]",N/A,self_attn.output_proj.weight
27,dit_block,BFLOAT16,net.blocks.27.self_attn.q_norm.weight,,128,[128],N/A,self_attn.q_norm.weight
27,dit_block,BFLOAT16,net.blocks.27.self_attn.q_proj.weight,,4194304,"[2048, 2048]",N/A,self_attn.q_proj.weight
27,dit_block,BFLOAT16,net.blocks.27.self_attn.v_proj.weight,,4194304,"[2048, 2048]",N/A,self_attn.v_proj.weight
28,dit_block,BFLOAT16,net.blocks.28.adaln_modulation_cross_attn.1.weight,,524288,"[256, 2048]",N/A,adaln_modulation_cross_attn.1.weight
28,dit_block,BFLOAT16,net.blocks.28.adaln_modulation_cross_attn.2.weight,,1572864,"[6144, 256]",N/A,adaln_modulation_cross_attn.2.weight
28,dit_block,BFLOAT16,net.blocks.28.adaln_modulation_mlp.1.weight,,524288,"[256, 2048]",N/A,adaln_modulation_mlp.1.weight
28,dit_block,BFLOAT16,net.blocks.28.adaln_modulation_mlp.2.weight,,1572864,"[6144, 256]",N/A,adaln_modulation_mlp.2.weight
28,dit_block,BFLOAT16,net.blocks.28.adaln_modulation_self_attn.1.weight,,524288,"[256, 2048]",N/A,adaln_modulation_self_attn.1.weight
28,dit_block,BFLOAT16,net.blocks.28.adaln_modulation_self_attn.2.weight,,1572864,"[6144, 256]",N/A,adaln_modulation_self_attn.2.weight
28,dit_block,BFLOAT16,net.blocks.28.cross_attn.k_norm.weight,,128,[128],N/A,cross_attn.k_norm.weight
28,dit_block,BFLOAT16,net.blocks.28.cross_attn.k_proj.weight,,2097152,"[2048, 1024]",N/A,cross_attn.k_proj.weight
28,dit_block,BFLOAT16,net.blocks.28.cross_attn.output_proj.weight,,4194304,"[2048, 2048]",N/A,cross_attn.output_proj.weight
28,dit_block,BFLOAT16,net.blocks.28.cross_attn.q_norm.weight,,128,[128],N/A,cross_attn.q_norm.weight
28,dit_block,BFLOAT16,net.blocks.28.cross_attn.q_proj.weight,,4194304,"[2048, 2048]",N/A,cross_attn.q_proj.weight
28,dit_block,BFLOAT16,net.blocks.28.cross_attn.v_proj.weight,,2097152,"[2048, 1024]",N/A,cross_attn.v_proj.weight
28,dit_block,BFLOAT16,net.blocks.28.mlp.layer1.weight,,16777216,"[8192, 2048]",N/A,mlp.layer1.weight
28,dit_block,BFLOAT16,net.blocks.28.mlp.layer2.weight,,16777216,"[2048, 8192]",N/A,mlp.layer2.weight
28,dit_block,BFLOAT16,net.blocks.28.self_attn.k_norm.weight,,128,[128],N/A,self_attn.k_norm.weight
28,dit_block,BFLOAT16,net.blocks.28.self_attn.k_proj.weight,,4194304,"[2048, 2048]",N/A,self_attn.k_proj.weight
28,dit_block,BFLOAT16,net.blocks.28.self_attn.output_proj.weight,,4194304,"[2048, 2048]",N/A,self_attn.output_proj.weight
28,dit_block,BFLOAT16,net.blocks.28.self_attn.q_norm.weight,,128,[128],N/A,self_attn.q_norm.weight
28,dit_block,BFLOAT16,net.blocks.28.self_attn.q_proj.weight,,4194304,"[2048, 2048]",N/A,self_attn.q_proj.weight
28,dit_block,BFLOAT16,net.blocks.28.self_attn.v_proj.weight,,4194304,"[2048, 2048]",N/A,self_attn.v_proj.weight
29,dit_block,BFLOAT16,net.blocks.29.adaln_modulation_cross_attn.1.weight,,524288,"[256, 2048]",N/A,adaln_modulation_cross_attn.1.weight
29,dit_block,BFLOAT16,net.blocks.29.adaln_modulation_cross_attn.2.weight,,1572864,"[6144, 256]",N/A,adaln_modulation_cross_attn.2.weight
29,dit_block,BFLOAT16,net.blocks.29.adaln_modulation_mlp.1.weight,,524288,"[256, 2048]",N/A,adaln_modulation_mlp.1.weight
29,dit_block,BFLOAT16,net.blocks.29.adaln_modulation_mlp.2.weight,,1572864,"[6144, 256]",N/A,adaln_modulation_mlp.2.weight
29,dit_block,BFLOAT16,net.blocks.29.adaln_modulation_self_attn.1.weight,,524288,"[256, 2048]",N/A,adaln_modulation_self_attn.1.weight
29,dit_block,BFLOAT16,net.blocks.29.adaln_modulation_self_attn.2.weight,,1572864,"[6144, 256]",N/A,adaln_modulation_self_attn.2.weight
29,dit_block,BFLOAT16,net.blocks.29.cross_attn.k_norm.weight,,128,[128],N/A,cross_attn.k_norm.weight
29,dit_block,BFLOAT16,net.blocks.29.cross_attn.k_proj.weight,,2097152,"[2048, 1024]",N/A,cross_attn.k_proj.weight
29,dit_block,BFLOAT16,net.blocks.29.cross_attn.output_proj.weight,,4194304,"[2048, 2048]",N/A,cross_attn.output_proj.weight
29,dit_block,BFLOAT16,net.blocks.29.cross_attn.q_norm.weight,,128,[128],N/A,cross_attn.q_norm.weight
29,dit_block,BFLOAT16,net.blocks.29.cross_attn.q_proj.weight,,4194304,"[2048, 2048]",N/A,cross_attn.q_proj.weight
29,dit_block,BFLOAT16,net.blocks.29.cross_attn.v_proj.weight,,2097152,"[2048, 1024]",N/A,cross_attn.v_proj.weight
29,dit_block,BFLOAT16,net.blocks.29.mlp.layer1.weight,,16777216,"[8192, 2048]",N/A,mlp.layer1.weight
29,dit_block,BFLOAT16,net.blocks.29.mlp.layer2.weight,,16777216,"[2048, 8192]",N/A,mlp.layer2.weight
29,dit_block,BFLOAT16,net.blocks.29.self_attn.k_norm.weight,,128,[128],N/A,self_attn.k_norm.weight
29,dit_block,BFLOAT16,net.blocks.29.self_attn.k_proj.weight,,4194304,"[2048, 2048]",N/A,self_attn.k_proj.weight
29,dit_block,BFLOAT16,net.blocks.29.self_attn.output_proj.weight,,4194304,"[2048, 2048]",N/A,self_attn.output_proj.weight
29,dit_block,BFLOAT16,net.blocks.29.self_attn.q_norm.weight,,128,[128],N/A,self_attn.q_norm.weight
29,dit_block,BFLOAT16,net.blocks.29.self_attn.q_proj.weight,,4194304,"[2048, 2048]",N/A,self_attn.q_proj.weight
29,dit_block,BFLOAT16,net.blocks.29.self_attn.v_proj.weight,,4194304,"[2048, 2048]",N/A,self_attn.v_proj.weight
3,dit_block,BFLOAT16,net.blocks.3.adaln_modulation_cross_attn.1.weight,,524288,"[256, 2048]",N/A,adaln_modulation_cross_attn.1.weight
3,dit_block,BFLOAT16,net.blocks.3.adaln_modulation_cross_attn.2.weight,,1572864,"[6144, 256]",N/A,adaln_modulation_cross_attn.2.weight
3,dit_block,BFLOAT16,net.blocks.3.adaln_modulation_mlp.1.weight,,524288,"[256, 2048]",N/A,adaln_modulation_mlp.1.weight
3,dit_block,BFLOAT16,net.blocks.3.adaln_modulation_mlp.2.weight,,1572864,"[6144, 256]",N/A,adaln_modulation_mlp.2.weight
3,dit_block,BFLOAT16,net.blocks.3.adaln_modulation_self_attn.1.weight,,524288,"[256, 2048]",N/A,adaln_modulation_self_attn.1.weight
3,dit_block,BFLOAT16,net.blocks.3.adaln_modulation_self_attn.2.weight,,1572864,"[6144, 256]",N/A,adaln_modulation_self_attn.2.weight
3,dit_block,BFLOAT16,net.blocks.3.cross_attn.k_norm.weight,,128,[128],N/A,cross_attn.k_norm.weight
3,dit_block,BFLOAT16,net.blocks.3.cross_attn.k_proj.weight,,2097152,"[2048, 1024]",N/A,cross_attn.k_proj.weight
3,dit_block,BFLOAT16,net.blocks.3.cross_attn.output_proj.weight,,4194304,"[2048, 2048]",N/A,cross_attn.output_proj.weight
3,dit_block,BFLOAT16,net.blocks.3.cross_attn.q_norm.weight,,128,[128],N/A,cross_attn.q_norm.weight
3,dit_block,BFLOAT16,net.blocks.3.cross_attn.q_proj.weight,,4194304,"[2048, 2048]",N/A,cross_attn.q_proj.weight
3,dit_block,BFLOAT16,net.blocks.3.cross_attn.v_proj.weight,,2097152,"[2048, 1024]",N/A,cross_attn.v_proj.weight
3,dit_block,BFLOAT16,net.blocks.3.mlp.layer1.weight,,16777216,"[8192, 2048]",N/A,mlp.layer1.weight
3,dit_block,BFLOAT16,net.blocks.3.mlp.layer2.weight,,16777216,"[2048, 8192]",N/A,mlp.layer2.weight
3,dit_block,BFLOAT16,net.blocks.3.self_attn.k_norm.weight,,128,[128],N/A,self_attn.k_norm.weight
3,dit_block,BFLOAT16,net.blocks.3.self_attn.k_proj.weight,,4194304,"[2048, 2048]",N/A,self_attn.k_proj.weight
3,dit_block,BFLOAT16,net.blocks.3.self_attn.output_proj.weight,,4194304,"[2048, 2048]",N/A,self_attn.output_proj.weight
3,dit_block,BFLOAT16,net.blocks.3.self_attn.q_norm.weight,,128,[128],N/A,self_attn.q_norm.weight
3,dit_block,BFLOAT16,net.blocks.3.self_attn.q_proj.weight,,4194304,"[2048, 2048]",N/A,self_attn.q_proj.weight
3,dit_block,BFLOAT16,net.blocks.3.self_attn.v_proj.weight,,4194304,"[2048, 2048]",N/A,self_attn.v_proj.weight
30,dit_block,BFLOAT16,net.blocks.30.adaln_modulation_cross_attn.1.weight,,524288,"[256, 2048]",N/A,adaln_modulation_cross_attn.1.weight
30,dit_block,BFLOAT16,net.blocks.30.adaln_modulation_cross_attn.2.weight,,1572864,"[6144, 256]",N/A,adaln_modulation_cross_attn.2.weight
30,dit_block,BFLOAT16,net.blocks.30.adaln_modulation_mlp.1.weight,,524288,"[256, 2048]",N/A,adaln_modulation_mlp.1.weight
30,dit_block,BFLOAT16,net.blocks.30.adaln_modulation_mlp.2.weight,,1572864,"[6144, 256]",N/A,adaln_modulation_mlp.2.weight
30,dit_block,BFLOAT16,net.blocks.30.adaln_modulation_self_attn.1.weight,,524288,"[256, 2048]",N/A,adaln_modulation_self_attn.1.weight
30,dit_block,BFLOAT16,net.blocks.30.adaln_modulation_self_attn.2.weight,,1572864,"[6144, 256]",N/A,adaln_modulation_self_attn.2.weight
30,dit_block,BFLOAT16,net.blocks.30.cross_attn.k_norm.weight,,128,[128],N/A,cross_attn.k_norm.weight
30,dit_block,BFLOAT16,net.blocks.30.cross_attn.k_proj.weight,,2097152,"[2048, 1024]",N/A,cross_attn.k_proj.weight
30,dit_block,BFLOAT16,net.blocks.30.cross_attn.output_proj.weight,,4194304,"[2048, 2048]",N/A,cross_attn.output_proj.weight
30,dit_block,BFLOAT16,net.blocks.30.cross_attn.q_norm.weight,,128,[128],N/A,cross_attn.q_norm.weight
30,dit_block,BFLOAT16,net.blocks.30.cross_attn.q_proj.weight,,4194304,"[2048, 2048]",N/A,cross_attn.q_proj.weight
30,dit_block,BFLOAT16,net.blocks.30.cross_attn.v_proj.weight,,2097152,"[2048, 1024]",N/A,cross_attn.v_proj.weight
30,dit_block,BFLOAT16,net.blocks.30.mlp.layer1.weight,,16777216,"[8192, 2048]",N/A,mlp.layer1.weight
30,dit_block,BFLOAT16,net.blocks.30.mlp.layer2.weight,,16777216,"[2048, 8192]",N/A,mlp.layer2.weight
30,dit_block,BFLOAT16,net.blocks.30.self_attn.k_norm.weight,,128,[128],N/A,self_attn.k_norm.weight
30,dit_block,BFLOAT16,net.blocks.30.self_attn.k_proj.weight,,4194304,"[2048, 2048]",N/A,self_attn.k_proj.weight
30,dit_block,BFLOAT16,net.blocks.30.self_attn.output_proj.weight,,4194304,"[2048, 2048]",N/A,self_attn.output_proj.weight
30,dit_block,BFLOAT16,net.blocks.30.self_attn.q_norm.weight,,128,[128],N/A,self_attn.q_norm.weight
30,dit_block,BFLOAT16,net.blocks.30.self_attn.q_proj.weight,,4194304,"[2048, 2048]",N/A,self_attn.q_proj.weight
30,dit_block,BFLOAT16,net.blocks.30.self_attn.v_proj.weight,,4194304,"[2048, 2048]",N/A,self_attn.v_proj.weight
31,dit_block,BFLOAT16,net.blocks.31.adaln_modulation_cross_attn.1.weight,,524288,"[256, 2048]",N/A,adaln_modulation_cross_attn.1.weight
31,dit_block,BFLOAT16,net.blocks.31.adaln_modulation_cross_attn.2.weight,,1572864,"[6144, 256]",N/A,adaln_modulation_cross_attn.2.weight
31,dit_block,BFLOAT16,net.blocks.31.adaln_modulation_mlp.1.weight,,524288,"[256, 2048]",N/A,adaln_modulation_mlp.1.weight
31,dit_block,BFLOAT16,net.blocks.31.adaln_modulation_mlp.2.weight,,1572864,"[6144, 256]",N/A,adaln_modulation_mlp.2.weight
31,dit_block,BFLOAT16,net.blocks.31.adaln_modulation_self_attn.1.weight,,524288,"[256, 2048]",N/A,adaln_modulation_self_attn.1.weight
31,dit_block,BFLOAT16,net.blocks.31.adaln_modulation_self_attn.2.weight,,1572864,"[6144, 256]",N/A,adaln_modulation_self_attn.2.weight
31,dit_block,BFLOAT16,net.blocks.31.cross_attn.k_norm.weight,,128,[128],N/A,cross_attn.k_norm.weight
31,dit_block,BFLOAT16,net.blocks.31.cross_attn.k_proj.weight,,2097152,"[2048, 1024]",N/A,cross_attn.k_proj.weight
31,dit_block,BFLOAT16,net.blocks.31.cross_attn.output_proj.weight,,4194304,"[2048, 2048]",N/A,cross_attn.output_proj.weight
31,dit_block,BFLOAT16,net.blocks.31.cross_attn.q_norm.weight,,128,[128],N/A,cross_attn.q_norm.weight
31,dit_block,BFLOAT16,net.blocks.31.cross_attn.q_proj.weight,,4194304,"[2048, 2048]",N/A,cross_attn.q_proj.weight
31,dit_block,BFLOAT16,net.blocks.31.cross_attn.v_proj.weight,,2097152,"[2048, 1024]",N/A,cross_attn.v_proj.weight
31,dit_block,BFLOAT16,net.blocks.31.mlp.layer1.weight,,16777216,"[8192, 2048]",N/A,mlp.layer1.weight
31,dit_block,BFLOAT16,net.blocks.31.mlp.layer2.weight,,16777216,"[2048, 8192]",N/A,mlp.layer2.weight
31,dit_block,BFLOAT16,net.blocks.31.self_attn.k_norm.weight,,128,[128],N/A,self_attn.k_norm.weight
31,dit_block,BFLOAT16,net.blocks.31.self_attn.k_proj.weight,,4194304,"[2048, 2048]",N/A,self_attn.k_proj.weight
31,dit_block,BFLOAT16,net.blocks.31.self_attn.output_proj.weight,,4194304,"[2048, 2048]",N/A,self_attn.output_proj.weight
31,dit_block,BFLOAT16,net.blocks.31.self_attn.q_norm.weight,,128,[128],N/A,self_attn.q_norm.weight
31,dit_block,BFLOAT16,net.blocks.31.self_attn.q_proj.weight,,4194304,"[2048, 2048]",N/A,self_attn.q_proj.weight
31,dit_block,BFLOAT16,net.blocks.31.self_attn.v_proj.weight,,4194304,"[2048, 2048]",N/A,self_attn.v_proj.weight
32,dit_block,BFLOAT16,net.blocks.32.adaln_modulation_cross_attn.1.weight,,524288,"[256, 2048]",N/A,adaln_modulation_cross_attn.1.weight
32,dit_block,BFLOAT16,net.blocks.32.adaln_modulation_cross_attn.2.weight,,1572864,"[6144, 256]",N/A,adaln_modulation_cross_attn.2.weight
32,dit_block,BFLOAT16,net.blocks.32.adaln_modulation_mlp.1.weight,,524288,"[256, 2048]",N/A,adaln_modulation_mlp.1.weight
32,dit_block,BFLOAT16,net.blocks.32.adaln_modulation_mlp.2.weight,,1572864,"[6144, 256]",N/A,adaln_modulation_mlp.2.weight
32,dit_block,BFLOAT16,net.blocks.32.adaln_modulation_self_attn.1.weight,,524288,"[256, 2048]",N/A,adaln_modulation_self_attn.1.weight
32,dit_block,BFLOAT16,net.blocks.32.adaln_modulation_self_attn.2.weight,,1572864,"[6144, 256]",N/A,adaln_modulation_self_attn.2.weight
32,dit_block,BFLOAT16,net.blocks.32.cross_attn.k_norm.weight,,128,[128],N/A,cross_attn.k_norm.weight
32,dit_block,BFLOAT16,net.blocks.32.cross_attn.k_proj.weight,,2097152,"[2048, 1024]",N/A,cross_attn.k_proj.weight
32,dit_block,BFLOAT16,net.blocks.32.cross_attn.output_proj.weight,,4194304,"[2048, 2048]",N/A,cross_attn.output_proj.weight
32,dit_block,BFLOAT16,net.blocks.32.cross_attn.q_norm.weight,,128,[128],N/A,cross_attn.q_norm.weight
32,dit_block,BFLOAT16,net.blocks.32.cross_attn.q_proj.weight,,4194304,"[2048, 2048]",N/A,cross_attn.q_proj.weight
32,dit_block,BFLOAT16,net.blocks.32.cross_attn.v_proj.weight,,2097152,"[2048, 1024]",N/A,cross_attn.v_proj.weight
32,dit_block,BFLOAT16,net.blocks.32.mlp.layer1.weight,,16777216,"[8192, 2048]",N/A,mlp.layer1.weight
32,dit_block,BFLOAT16,net.blocks.32.mlp.layer2.weight,,16777216,"[2048, 8192]",N/A,mlp.layer2.weight
32,dit_block,BFLOAT16,net.blocks.32.self_attn.k_norm.weight,,128,[128],N/A,self_attn.k_norm.weight
32,dit_block,BFLOAT16,net.blocks.32.self_attn.k_proj.weight,,4194304,"[2048, 2048]",N/A,self_attn.k_proj.weight
32,dit_block,BFLOAT16,net.blocks.32.self_attn.output_proj.weight,,4194304,"[2048, 2048]",N/A,self_attn.output_proj.weight
32,dit_block,BFLOAT16,net.blocks.32.self_attn.q_norm.weight,,128,[128],N/A,self_attn.q_norm.weight
32,dit_block,BFLOAT16,net.blocks.32.self_attn.q_proj.weight,,4194304,"[2048, 2048]",N/A,self_attn.q_proj.weight
32,dit_block,BFLOAT16,net.blocks.32.self_attn.v_proj.weight,,4194304,"[2048, 2048]",N/A,self_attn.v_proj.weight
33,dit_block,BFLOAT16,net.blocks.33.adaln_modulation_cross_attn.1.weight,,524288,"[256, 2048]",N/A,adaln_modulation_cross_attn.1.weight
33,dit_block,BFLOAT16,net.blocks.33.adaln_modulation_cross_attn.2.weight,,1572864,"[6144, 256]",N/A,adaln_modulation_cross_attn.2.weight
33,dit_block,BFLOAT16,net.blocks.33.adaln_modulation_mlp.1.weight,,524288,"[256, 2048]",N/A,adaln_modulation_mlp.1.weight
33,dit_block,BFLOAT16,net.blocks.33.adaln_modulation_mlp.2.weight,,1572864,"[6144, 256]",N/A,adaln_modulation_mlp.2.weight
33,dit_block,BFLOAT16,net.blocks.33.adaln_modulation_self_attn.1.weight,,524288,"[256, 2048]",N/A,adaln_modulation_self_attn.1.weight
33,dit_block,BFLOAT16,net.blocks.33.adaln_modulation_self_attn.2.weight,,1572864,"[6144, 256]",N/A,adaln_modulation_self_attn.2.weight
33,dit_block,BFLOAT16,net.blocks.33.cross_attn.k_norm.weight,,128,[128],N/A,cross_attn.k_norm.weight
33,dit_block,BFLOAT16,net.blocks.33.cross_attn.k_proj.weight,,2097152,"[2048, 1024]",N/A,cross_attn.k_proj.weight
33,dit_block,BFLOAT16,net.blocks.33.cross_attn.output_proj.weight,,4194304,"[2048, 2048]",N/A,cross_attn.output_proj.weight
33,dit_block,BFLOAT16,net.blocks.33.cross_attn.q_norm.weight,,128,[128],N/A,cross_attn.q_norm.weight
33,dit_block,BFLOAT16,net.blocks.33.cross_attn.q_proj.weight,,4194304,"[2048, 2048]",N/A,cross_attn.q_proj.weight
33,dit_block,BFLOAT16,net.blocks.33.cross_attn.v_proj.weight,,2097152,"[2048, 1024]",N/A,cross_attn.v_proj.weight
33,dit_block,BFLOAT16,net.blocks.33.mlp.layer1.weight,,16777216,"[8192, 2048]",N/A,mlp.layer1.weight
33,dit_block,BFLOAT16,net.blocks.33.mlp.layer2.weight,,16777216,"[2048, 8192]",N/A,mlp.layer2.weight
33,dit_block,BFLOAT16,net.blocks.33.self_attn.k_norm.weight,,128,[128],N/A,self_attn.k_norm.weight
33,dit_block,BFLOAT16,net.blocks.33.self_attn.k_proj.weight,,4194304,"[2048, 2048]",N/A,self_attn.k_proj.weight
33,dit_block,BFLOAT16,net.blocks.33.self_attn.output_proj.weight,,4194304,"[2048, 2048]",N/A,self_attn.output_proj.weight
33,dit_block,BFLOAT16,net.blocks.33.self_attn.q_norm.weight,,128,[128],N/A,self_attn.q_norm.weight
33,dit_block,BFLOAT16,net.blocks.33.self_attn.q_proj.weight,,4194304,"[2048, 2048]",N/A,self_attn.q_proj.weight
33,dit_block,BFLOAT16,net.blocks.33.self_attn.v_proj.weight,,4194304,"[2048, 2048]",N/A,self_attn.v_proj.weight
34,dit_block,BFLOAT16,net.blocks.34.adaln_modulation_cross_attn.1.weight,,524288,"[256, 2048]",N/A,adaln_modulation_cross_attn.1.weight
34,dit_block,BFLOAT16,net.blocks.34.adaln_modulation_cross_attn.2.weight,,1572864,"[6144, 256]",N/A,adaln_modulation_cross_attn.2.weight
34,dit_block,BFLOAT16,net.blocks.34.adaln_modulation_mlp.1.weight,,524288,"[256, 2048]",N/A,adaln_modulation_mlp.1.weight
34,dit_block,BFLOAT16,net.blocks.34.adaln_modulation_mlp.2.weight,,1572864,"[6144, 256]",N/A,adaln_modulation_mlp.2.weight
34,dit_block,BFLOAT16,net.blocks.34.adaln_modulation_self_attn.1.weight,,524288,"[256, 2048]",N/A,adaln_modulation_self_attn.1.weight
34,dit_block,BFLOAT16,net.blocks.34.adaln_modulation_self_attn.2.weight,,1572864,"[6144, 256]",N/A,adaln_modulation_self_attn.2.weight
34,dit_block,BFLOAT16,net.blocks.34.cross_attn.k_norm.weight,,128,[128],N/A,cross_attn.k_norm.weight
34,dit_block,BFLOAT16,net.blocks.34.cross_attn.k_proj.weight,,2097152,"[2048, 1024]",N/A,cross_attn.k_proj.weight
34,dit_block,BFLOAT16,net.blocks.34.cross_attn.output_proj.weight,,4194304,"[2048, 2048]",N/A,cross_attn.output_proj.weight
34,dit_block,BFLOAT16,net.blocks.34.cross_attn.q_norm.weight,,128,[128],N/A,cross_attn.q_norm.weight
34,dit_block,BFLOAT16,net.blocks.34.cross_attn.q_proj.weight,,4194304,"[2048, 2048]",N/A,cross_attn.q_proj.weight
34,dit_block,BFLOAT16,net.blocks.34.cross_attn.v_proj.weight,,2097152,"[2048, 1024]",N/A,cross_attn.v_proj.weight
34,dit_block,BFLOAT16,net.blocks.34.mlp.layer1.weight,,16777216,"[8192, 2048]",N/A,mlp.layer1.weight
34,dit_block,BFLOAT16,net.blocks.34.mlp.layer2.weight,,16777216,"[2048, 8192]",N/A,mlp.layer2.weight
34,dit_block,BFLOAT16,net.blocks.34.self_attn.k_norm.weight,,128,[128],N/A,self_attn.k_norm.weight
34,dit_block,BFLOAT16,net.blocks.34.self_attn.k_proj.weight,,4194304,"[2048, 2048]",N/A,self_attn.k_proj.weight
34,dit_block,BFLOAT16,net.blocks.34.self_attn.output_proj.weight,,4194304,"[2048, 2048]",N/A,self_attn.output_proj.weight
34,dit_block,BFLOAT16,net.blocks.34.self_attn.q_norm.weight,,128,[128],N/A,self_attn.q_norm.weight
34,dit_block,BFLOAT16,net.blocks.34.self_attn.q_proj.weight,,4194304,"[2048, 2048]",N/A,self_attn.q_proj.weight
34,dit_block,BFLOAT16,net.blocks.34.self_attn.v_proj.weight,,4194304,"[2048, 2048]",N/A,self_attn.v_proj.weight
35,dit_block,BFLOAT16,net.blocks.35.adaln_modulation_cross_attn.1.weight,,524288,"[256, 2048]",N/A,adaln_modulation_cross_attn.1.weight
35,dit_block,BFLOAT16,net.blocks.35.adaln_modulation_cross_attn.2.weight,,1572864,"[6144, 256]",N/A,adaln_modulation_cross_attn.2.weight
35,dit_block,BFLOAT16,net.blocks.35.adaln_modulation_mlp.1.weight,,524288,"[256, 2048]",N/A,adaln_modulation_mlp.1.weight
35,dit_block,BFLOAT16,net.blocks.35.adaln_modulation_mlp.2.weight,,1572864,"[6144, 256]",N/A,adaln_modulation_mlp.2.weight
35,dit_block,BFLOAT16,net.blocks.35.adaln_modulation_self_attn.1.weight,,524288,"[256, 2048]",N/A,adaln_modulation_self_attn.1.weight
35,dit_block,BFLOAT16,net.blocks.35.adaln_modulation_self_attn.2.weight,,1572864,"[6144, 256]",N/A,adaln_modulation_self_attn.2.weight
35,dit_block,BFLOAT16,net.blocks.35.cross_attn.k_norm.weight,,128,[128],N/A,cross_attn.k_norm.weight
35,dit_block,BFLOAT16,net.blocks.35.cross_attn.k_proj.weight,,2097152,"[2048, 1024]",N/A,cross_attn.k_proj.weight
35,dit_block,BFLOAT16,net.blocks.35.cross_attn.output_proj.weight,,4194304,"[2048, 2048]",N/A,cross_attn.output_proj.weight
35,dit_block,BFLOAT16,net.blocks.35.cross_attn.q_norm.weight,,128,[128],N/A,cross_attn.q_norm.weight
35,dit_block,BFLOAT16,net.blocks.35.cross_attn.q_proj.weight,,4194304,"[2048, 2048]",N/A,cross_attn.q_proj.weight
35,dit_block,BFLOAT16,net.blocks.35.cross_attn.v_proj.weight,,2097152,"[2048, 1024]",N/A,cross_attn.v_proj.weight
35,dit_block,BFLOAT16,net.blocks.35.mlp.layer1.weight,,16777216,"[8192, 2048]",N/A,mlp.layer1.weight
35,dit_block,BFLOAT16,net.blocks.35.mlp.layer2.weight,,16777216,"[2048, 8192]",N/A,mlp.layer2.weight
35,dit_block,BFLOAT16,net.blocks.35.self_attn.k_norm.weight,,128,[128],N/A,self_attn.k_norm.weight
35,dit_block,BFLOAT16,net.blocks.35.self_attn.k_proj.weight,,4194304,"[2048, 2048]",N/A,self_attn.k_proj.weight
35,dit_block,BFLOAT16,net.blocks.35.self_attn.output_proj.weight,,4194304,"[2048, 2048]",N/A,self_attn.output_proj.weight
35,dit_block,BFLOAT16,net.blocks.35.self_attn.q_norm.weight,,128,[128],N/A,self_attn.q_norm.weight
35,dit_block,BFLOAT16,net.blocks.35.self_attn.q_proj.weight,,4194304,"[2048, 2048]",N/A,self_attn.q_proj.weight
35,dit_block,BFLOAT16,net.blocks.35.self_attn.v_proj.weight,,4194304,"[2048, 2048]",N/A,self_attn.v_proj.weight
36,dit_block,BFLOAT16,net.blocks.36.adaln_modulation_cross_attn.1.weight,,524288,"[256, 2048]",N/A,adaln_modulation_cross_attn.1.weight
36,dit_block,BFLOAT16,net.blocks.36.adaln_modulation_cross_attn.2.weight,,1572864,"[6144, 256]",N/A,adaln_modulation_cross_attn.2.weight
36,dit_block,BFLOAT16,net.blocks.36.adaln_modulation_mlp.1.weight,,524288,"[256, 2048]",N/A,adaln_modulation_mlp.1.weight
36,dit_block,BFLOAT16,net.blocks.36.adaln_modulation_mlp.2.weight,,1572864,"[6144, 256]",N/A,adaln_modulation_mlp.2.weight
36,dit_block,BFLOAT16,net.blocks.36.adaln_modulation_self_attn.1.weight,,524288,"[256, 2048]",N/A,adaln_modulation_self_attn.1.weight
36,dit_block,BFLOAT16,net.blocks.36.adaln_modulation_self_attn.2.weight,,1572864,"[6144, 256]",N/A,adaln_modulation_self_attn.2.weight
36,dit_block,BFLOAT16,net.blocks.36.cross_attn.k_norm.weight,,128,[128],N/A,cross_attn.k_norm.weight
36,dit_block,BFLOAT16,net.blocks.36.cross_attn.k_proj.weight,,2097152,"[2048, 1024]",N/A,cross_attn.k_proj.weight
36,dit_block,BFLOAT16,net.blocks.36.cross_attn.output_proj.weight,,4194304,"[2048, 2048]",N/A,cross_attn.output_proj.weight
36,dit_block,BFLOAT16,net.blocks.36.cross_attn.q_norm.weight,,128,[128],N/A,cross_attn.q_norm.weight
36,dit_block,BFLOAT16,net.blocks.36.cross_attn.q_proj.weight,,4194304,"[2048, 2048]",N/A,cross_attn.q_proj.weight
36,dit_block,BFLOAT16,net.blocks.36.cross_attn.v_proj.weight,,2097152,"[2048, 1024]",N/A,cross_attn.v_proj.weight
36,dit_block,BFLOAT16,net.blocks.36.mlp.layer1.weight,,16777216,"[8192, 2048]",N/A,mlp.layer1.weight
36,dit_block,BFLOAT16,net.blocks.36.mlp.layer2.weight,,16777216,"[2048, 8192]",N/A,mlp.layer2.weight
36,dit_block,BFLOAT16,net.blocks.36.self_attn.k_norm.weight,,128,[128],N/A,self_attn.k_norm.weight
36,dit_block,BFLOAT16,net.blocks.36.self_attn.k_proj.weight,,4194304,"[2048, 2048]",N/A,self_attn.k_proj.weight
36,dit_block,BFLOAT16,net.blocks.36.self_attn.output_proj.weight,,4194304,"[2048, 2048]",N/A,self_attn.output_proj.weight
36,dit_block,BFLOAT16,net.blocks.36.self_attn.q_norm.weight,,128,[128],N/A,self_attn.q_norm.weight
36,dit_block,BFLOAT16,net.blocks.36.self_attn.q_proj.weight,,4194304,"[2048, 2048]",N/A,self_attn.q_proj.weight
36,dit_block,BFLOAT16,net.blocks.36.self_attn.v_proj.weight,,4194304,"[2048, 2048]",N/A,self_attn.v_proj.weight
37,dit_block,BFLOAT16,net.blocks.37.adaln_modulation_cross_attn.1.weight,,524288,"[256, 2048]",N/A,adaln_modulation_cross_attn.1.weight
37,dit_block,BFLOAT16,net.blocks.37.adaln_modulation_cross_attn.2.weight,,1572864,"[6144, 256]",N/A,adaln_modulation_cross_attn.2.weight
37,dit_block,BFLOAT16,net.blocks.37.adaln_modulation_mlp.1.weight,,524288,"[256, 2048]",N/A,adaln_modulation_mlp.1.weight
37,dit_block,BFLOAT16,net.blocks.37.adaln_modulation_mlp.2.weight,,1572864,"[6144, 256]",N/A,adaln_modulation_mlp.2.weight
37,dit_block,BFLOAT16,net.blocks.37.adaln_modulation_self_attn.1.weight,,524288,"[256, 2048]",N/A,adaln_modulation_self_attn.1.weight
37,dit_block,BFLOAT16,net.blocks.37.adaln_modulation_self_attn.2.weight,,1572864,"[6144, 256]",N/A,adaln_modulation_self_attn.2.weight
37,dit_block,BFLOAT16,net.blocks.37.cross_attn.k_norm.weight,,128,[128],N/A,cross_attn.k_norm.weight
37,dit_block,BFLOAT16,net.blocks.37.cross_attn.k_proj.weight,,2097152,"[2048, 1024]",N/A,cross_attn.k_proj.weight
37,dit_block,BFLOAT16,net.blocks.37.cross_attn.output_proj.weight,,4194304,"[2048, 2048]",N/A,cross_attn.output_proj.weight
37,dit_block,BFLOAT16,net.blocks.37.cross_attn.q_norm.weight,,128,[128],N/A,cross_attn.q_norm.weight
37,dit_block,BFLOAT16,net.blocks.37.cross_attn.q_proj.weight,,4194304,"[2048, 2048]",N/A,cross_attn.q_proj.weight
37,dit_block,BFLOAT16,net.blocks.37.cross_attn.v_proj.weight,,2097152,"[2048, 1024]",N/A,cross_attn.v_proj.weight
37,dit_block,BFLOAT16,net.blocks.37.mlp.layer1.weight,,16777216,"[8192, 2048]",N/A,mlp.layer1.weight
37,dit_block,BFLOAT16,net.blocks.37.mlp.layer2.weight,,16777216,"[2048, 8192]",N/A,mlp.layer2.weight
37,dit_block,BFLOAT16,net.blocks.37.self_attn.k_norm.weight,,128,[128],N/A,self_attn.k_norm.weight
37,dit_block,BFLOAT16,net.blocks.37.self_attn.k_proj.weight,,4194304,"[2048, 2048]",N/A,self_attn.k_proj.weight
37,dit_block,BFLOAT16,net.blocks.37.self_attn.output_proj.weight,,4194304,"[2048, 2048]",N/A,self_attn.output_proj.weight
37,dit_block,BFLOAT16,net.blocks.37.self_attn.q_norm.weight,,128,[128],N/A,self_attn.q_norm.weight
37,dit_block,BFLOAT16,net.blocks.37.self_attn.q_proj.weight,,4194304,"[2048, 2048]",N/A,self_attn.q_proj.weight
37,dit_block,BFLOAT16,net.blocks.37.self_attn.v_proj.weight,,4194304,"[2048, 2048]",N/A,self_attn.v_proj.weight
38,dit_block,BFLOAT16,net.blocks.38.adaln_modulation_cross_attn.1.weight,,524288,"[256, 2048]",N/A,adaln_modulation_cross_attn.1.weight
38,dit_block,BFLOAT16,net.blocks.38.adaln_modulation_cross_attn.2.weight,,1572864,"[6144, 256]",N/A,adaln_modulation_cross_attn.2.weight
38,dit_block,BFLOAT16,net.blocks.38.adaln_modulation_mlp.1.weight,,524288,"[256, 2048]",N/A,adaln_modulation_mlp.1.weight
38,dit_block,BFLOAT16,net.blocks.38.adaln_modulation_mlp.2.weight,,1572864,"[6144, 256]",N/A,adaln_modulation_mlp.2.weight
38,dit_block,BFLOAT16,net.blocks.38.adaln_modulation_self_attn.1.weight,,524288,"[256, 2048]",N/A,adaln_modulation_self_attn.1.weight
38,dit_block,BFLOAT16,net.blocks.38.adaln_modulation_self_attn.2.weight,,1572864,"[6144, 256]",N/A,adaln_modulation_self_attn.2.weight
38,dit_block,BFLOAT16,net.blocks.38.cross_attn.k_norm.weight,,128,[128],N/A,cross_attn.k_norm.weight
38,dit_block,BFLOAT16,net.blocks.38.cross_attn.k_proj.weight,,2097152,"[2048, 1024]",N/A,cross_attn.k_proj.weight
38,dit_block,BFLOAT16,net.blocks.38.cross_attn.output_proj.weight,,4194304,"[2048, 2048]",N/A,cross_attn.output_proj.weight
38,dit_block,BFLOAT16,net.blocks.38.cross_attn.q_norm.weight,,128,[128],N/A,cross_attn.q_norm.weight
38,dit_block,BFLOAT16,net.blocks.38.cross_attn.q_proj.weight,,4194304,"[2048, 2048]",N/A,cross_attn.q_proj.weight
38,dit_block,BFLOAT16,net.blocks.38.cross_attn.v_proj.weight,,2097152,"[2048, 1024]",N/A,cross_attn.v_proj.weight
38,dit_block,BFLOAT16,net.blocks.38.mlp.layer1.weight,,16777216,"[8192, 2048]",N/A,mlp.layer1.weight
38,dit_block,BFLOAT16,net.blocks.38.mlp.layer2.weight,,16777216,"[2048, 8192]",N/A,mlp.layer2.weight
38,dit_block,BFLOAT16,net.blocks.38.self_attn.k_norm.weight,,128,[128],N/A,self_attn.k_norm.weight
38,dit_block,BFLOAT16,net.blocks.38.self_attn.k_proj.weight,,4194304,"[2048, 2048]",N/A,self_attn.k_proj.weight
38,dit_block,BFLOAT16,net.blocks.38.self_attn.output_proj.weight,,4194304,"[2048, 2048]",N/A,self_attn.output_proj.weight
38,dit_block,BFLOAT16,net.blocks.38.self_attn.q_norm.weight,,128,[128],N/A,self_attn.q_norm.weight
38,dit_block,BFLOAT16,net.blocks.38.self_attn.q_proj.weight,,4194304,"[2048, 2048]",N/A,self_attn.q_proj.weight
38,dit_block,BFLOAT16,net.blocks.38.self_attn.v_proj.weight,,4194304,"[2048, 2048]",N/A,self_attn.v_proj.weight
39,dit_block,BFLOAT16,net.blocks.39.adaln_modulation_cross_attn.1.weight,,524288,"[256, 2048]",N/A,adaln_modulation_cross_attn.1.weight
39,dit_block,BFLOAT16,net.blocks.39.adaln_modulation_cross_attn.2.weight,,1572864,"[6144, 256]",N/A,adaln_modulation_cross_attn.2.weight
39,dit_block,BFLOAT16,net.blocks.39.adaln_modulation_mlp.1.weight,,524288,"[256, 2048]",N/A,adaln_modulation_mlp.1.weight
39,dit_block,BFLOAT16,net.blocks.39.adaln_modulation_mlp.2.weight,,1572864,"[6144, 256]",N/A,adaln_modulation_mlp.2.weight
39,dit_block,BFLOAT16,net.blocks.39.adaln_modulation_self_attn.1.weight,,524288,"[256, 2048]",N/A,adaln_modulation_self_attn.1.weight
39,dit_block,BFLOAT16,net.blocks.39.adaln_modulation_self_attn.2.weight,,1572864,"[6144, 256]",N/A,adaln_modulation_self_attn.2.weight
39,dit_block,BFLOAT16,net.blocks.39.cross_attn.k_norm.weight,,128,[128],N/A,cross_attn.k_norm.weight
39,dit_block,BFLOAT16,net.blocks.39.cross_attn.k_proj.weight,,2097152,"[2048, 1024]",N/A,cross_attn.k_proj.weight
39,dit_block,BFLOAT16,net.blocks.39.cross_attn.output_proj.weight,,4194304,"[2048, 2048]",N/A,cross_attn.output_proj.weight
39,dit_block,BFLOAT16,net.blocks.39.cross_attn.q_norm.weight,,128,[128],N/A,cross_attn.q_norm.weight
39,dit_block,BFLOAT16,net.blocks.39.cross_attn.q_proj.weight,,4194304,"[2048, 2048]",N/A,cross_attn.q_proj.weight
39,dit_block,BFLOAT16,net.blocks.39.cross_attn.v_proj.weight,,2097152,"[2048, 1024]",N/A,cross_attn.v_proj.weight
39,dit_block,BFLOAT16,net.blocks.39.mlp.layer1.weight,,16777216,"[8192, 2048]",N/A,mlp.layer1.weight
39,dit_block,BFLOAT16,net.blocks.39.mlp.layer2.weight,,16777216,"[2048, 8192]",N/A,mlp.layer2.weight
39,dit_block,BFLOAT16,net.blocks.39.self_attn.k_norm.weight,,128,[128],N/A,self_attn.k_norm.weight
39,dit_block,BFLOAT16,net.blocks.39.self_attn.k_proj.weight,,4194304,"[2048, 2048]",N/A,self_attn.k_proj.weight
39,dit_block,BFLOAT16,net.blocks.39.self_attn.output_proj.weight,,4194304,"[2048, 2048]",N/A,self_attn.output_proj.weight
39,dit_block,BFLOAT16,net.blocks.39.self_attn.q_norm.weight,,128,[128],N/A,self_attn.q_norm.weight
39,dit_block,BFLOAT16,net.blocks.39.self_attn.q_proj.weight,,4194304,"[2048, 2048]",N/A,self_attn.q_proj.weight
39,dit_block,BFLOAT16,net.blocks.39.self_attn.v_proj.weight,,4194304,"[2048, 2048]",N/A,self_attn.v_proj.weight
4,dit_block,BFLOAT16,net.blocks.4.adaln_modulation_cross_attn.1.weight,,524288,"[256, 2048]",N/A,adaln_modulation_cross_attn.1.weight
4,dit_block,BFLOAT16,net.blocks.4.adaln_modulation_cross_attn.2.weight,,1572864,"[6144, 256]",N/A,adaln_modulation_cross_attn.2.weight
4,dit_block,BFLOAT16,net.blocks.4.adaln_modulation_mlp.1.weight,,524288,"[256, 2048]",N/A,adaln_modulation_mlp.1.weight
4,dit_block,BFLOAT16,net.blocks.4.adaln_modulation_mlp.2.weight,,1572864,"[6144, 256]",N/A,adaln_modulation_mlp.2.weight
4,dit_block,BFLOAT16,net.blocks.4.adaln_modulation_self_attn.1.weight,,524288,"[256, 2048]",N/A,adaln_modulation_self_attn.1.weight
4,dit_block,BFLOAT16,net.blocks.4.adaln_modulation_self_attn.2.weight,,1572864,"[6144, 256]",N/A,adaln_modulation_self_attn.2.weight
4,dit_block,BFLOAT16,net.blocks.4.cross_attn.k_norm.weight,,128,[128],N/A,cross_attn.k_norm.weight
4,dit_block,BFLOAT16,net.blocks.4.cross_attn.k_proj.weight,,2097152,"[2048, 1024]",N/A,cross_attn.k_proj.weight
4,dit_block,BFLOAT16,net.blocks.4.cross_attn.output_proj.weight,,4194304,"[2048, 2048]",N/A,cross_attn.output_proj.weight
4,dit_block,BFLOAT16,net.blocks.4.cross_attn.q_norm.weight,,128,[128],N/A,cross_attn.q_norm.weight
4,dit_block,BFLOAT16,net.blocks.4.cross_attn.q_proj.weight,,4194304,"[2048, 2048]",N/A,cross_attn.q_proj.weight
4,dit_block,BFLOAT16,net.blocks.4.cross_attn.v_proj.weight,,2097152,"[2048, 1024]",N/A,cross_attn.v_proj.weight
4,dit_block,BFLOAT16,net.blocks.4.mlp.layer1.weight,,16777216,"[8192, 2048]",N/A,mlp.layer1.weight
4,dit_block,BFLOAT16,net.blocks.4.mlp.layer2.weight,,16777216,"[2048, 8192]",N/A,mlp.layer2.weight
4,dit_block,BFLOAT16,net.blocks.4.self_attn.k_norm.weight,,128,[128],N/A,self_attn.k_norm.weight
4,dit_block,BFLOAT16,net.blocks.4.self_attn.k_proj.weight,,4194304,"[2048, 2048]",N/A,self_attn.k_proj.weight
4,dit_block,BFLOAT16,net.blocks.4.self_attn.output_proj.weight,,4194304,"[2048, 2048]",N/A,self_attn.output_proj.weight
4,dit_block,BFLOAT16,net.blocks.4.self_attn.q_norm.weight,,128,[128],N/A,self_attn.q_norm.weight
4,dit_block,BFLOAT16,net.blocks.4.self_attn.q_proj.weight,,4194304,"[2048, 2048]",N/A,self_attn.q_proj.weight
4,dit_block,BFLOAT16,net.blocks.4.self_attn.v_proj.weight,,4194304,"[2048, 2048]",N/A,self_attn.v_proj.weight
40,dit_block,BFLOAT16,net.blocks.40.adaln_modulation_cross_attn.1.weight,,524288,"[256, 2048]",N/A,adaln_modulation_cross_attn.1.weight
40,dit_block,BFLOAT16,net.blocks.40.adaln_modulation_cross_attn.2.weight,,1572864,"[6144, 256]",N/A,adaln_modulation_cross_attn.2.weight
40,dit_block,BFLOAT16,net.blocks.40.adaln_modulation_mlp.1.weight,,524288,"[256, 2048]",N/A,adaln_modulation_mlp.1.weight
40,dit_block,BFLOAT16,net.blocks.40.adaln_modulation_mlp.2.weight,,1572864,"[6144, 256]",N/A,adaln_modulation_mlp.2.weight
40,dit_block,BFLOAT16,net.blocks.40.adaln_modulation_self_attn.1.weight,,524288,"[256, 2048]",N/A,adaln_modulation_self_attn.1.weight
40,dit_block,BFLOAT16,net.blocks.40.adaln_modulation_self_attn.2.weight,,1572864,"[6144, 256]",N/A,adaln_modulation_self_attn.2.weight
40,dit_block,BFLOAT16,net.blocks.40.cross_attn.k_norm.weight,,128,[128],N/A,cross_attn.k_norm.weight
40,dit_block,BFLOAT16,net.blocks.40.cross_attn.k_proj.weight,,2097152,"[2048, 1024]",N/A,cross_attn.k_proj.weight
40,dit_block,BFLOAT16,net.blocks.40.cross_attn.output_proj.weight,,4194304,"[2048, 2048]",N/A,cross_attn.output_proj.weight
40,dit_block,BFLOAT16,net.blocks.40.cross_attn.q_norm.weight,,128,[128],N/A,cross_attn.q_norm.weight
40,dit_block,BFLOAT16,net.blocks.40.cross_attn.q_proj.weight,,4194304,"[2048, 2048]",N/A,cross_attn.q_proj.weight
40,dit_block,BFLOAT16,net.blocks.40.cross_attn.v_proj.weight,,2097152,"[2048, 1024]",N/A,cross_attn.v_proj.weight
40,dit_block,BFLOAT16,net.blocks.40.mlp.layer1.weight,,16777216,"[8192, 2048]",N/A,mlp.layer1.weight
40,dit_block,BFLOAT16,net.blocks.40.mlp.layer2.weight,,16777216,"[2048, 8192]",N/A,mlp.layer2.weight
40,dit_block,BFLOAT16,net.blocks.40.self_attn.k_norm.weight,,128,[128],N/A,self_attn.k_norm.weight
40,dit_block,BFLOAT16,net.blocks.40.self_attn.k_proj.weight,,4194304,"[2048, 2048]",N/A,self_attn.k_proj.weight
40,dit_block,BFLOAT16,net.blocks.40.self_attn.output_proj.weight,,4194304,"[2048, 2048]",N/A,self_attn.output_proj.weight
40,dit_block,BFLOAT16,net.blocks.40.self_attn.q_norm.weight,,128,[128],N/A,self_attn.q_norm.weight
40,dit_block,BFLOAT16,net.blocks.40.self_attn.q_proj.weight,,4194304,"[2048, 2048]",N/A,self_attn.q_proj.weight
40,dit_block,BFLOAT16,net.blocks.40.self_attn.v_proj.weight,,4194304,"[2048, 2048]",N/A,self_attn.v_proj.weight
41,dit_block,BFLOAT16,net.blocks.41.adaln_modulation_cross_attn.1.weight,,524288,"[256, 2048]",N/A,adaln_modulation_cross_attn.1.weight
41,dit_block,BFLOAT16,net.blocks.41.adaln_modulation_cross_attn.2.weight,,1572864,"[6144, 256]",N/A,adaln_modulation_cross_attn.2.weight
41,dit_block,BFLOAT16,net.blocks.41.adaln_modulation_mlp.1.weight,,524288,"[256, 2048]",N/A,adaln_modulation_mlp.1.weight
41,dit_block,BFLOAT16,net.blocks.41.adaln_modulation_mlp.2.weight,,1572864,"[6144, 256]",N/A,adaln_modulation_mlp.2.weight
41,dit_block,BFLOAT16,net.blocks.41.adaln_modulation_self_attn.1.weight,,524288,"[256, 2048]",N/A,adaln_modulation_self_attn.1.weight
41,dit_block,BFLOAT16,net.blocks.41.adaln_modulation_self_attn.2.weight,,1572864,"[6144, 256]",N/A,adaln_modulation_self_attn.2.weight
41,dit_block,BFLOAT16,net.blocks.41.cross_attn.k_norm.weight,,128,[128],N/A,cross_attn.k_norm.weight
41,dit_block,BFLOAT16,net.blocks.41.cross_attn.k_proj.weight,,2097152,"[2048, 1024]",N/A,cross_attn.k_proj.weight
41,dit_block,BFLOAT16,net.blocks.41.cross_attn.output_proj.weight,,4194304,"[2048, 2048]",N/A,cross_attn.output_proj.weight
41,dit_block,BFLOAT16,net.blocks.41.cross_attn.q_norm.weight,,128,[128],N/A,cross_attn.q_norm.weight
41,dit_block,BFLOAT16,net.blocks.41.cross_attn.q_proj.weight,,4194304,"[2048, 2048]",N/A,cross_attn.q_proj.weight
41,dit_block,BFLOAT16,net.blocks.41.cross_attn.v_proj.weight,,2097152,"[2048, 1024]",N/A,cross_attn.v_proj.weight
41,dit_block,BFLOAT16,net.blocks.41.mlp.layer1.weight,,16777216,"[8192, 2048]",N/A,mlp.layer1.weight
41,dit_block,BFLOAT16,net.blocks.41.mlp.layer2.weight,,16777216,"[2048, 8192]",N/A,mlp.layer2.weight
41,dit_block,BFLOAT16,net.blocks.41.self_attn.k_norm.weight,,128,[128],N/A,self_attn.k_norm.weight
41,dit_block,BFLOAT16,net.blocks.41.self_attn.k_proj.weight,,4194304,"[2048, 2048]",N/A,self_attn.k_proj.weight
41,dit_block,BFLOAT16,net.blocks.41.self_attn.output_proj.weight,,4194304,"[2048, 2048]",N/A,self_attn.output_proj.weight
41,dit_block,BFLOAT16,net.blocks.41.self_attn.q_norm.weight,,128,[128],N/A,self_attn.q_norm.weight
41,dit_block,BFLOAT16,net.blocks.41.self_attn.q_proj.weight,,4194304,"[2048, 2048]",N/A,self_attn.q_proj.weight
41,dit_block,BFLOAT16,net.blocks.41.self_attn.v_proj.weight,,4194304,"[2048, 2048]",N/A,self_attn.v_proj.weight
42,dit_block,BFLOAT16,net.blocks.42.adaln_modulation_cross_attn.1.weight,,524288,"[256, 2048]",N/A,adaln_modulation_cross_attn.1.weight
42,dit_block,BFLOAT16,net.blocks.42.adaln_modulation_cross_attn.2.weight,,1572864,"[6144, 256]",N/A,adaln_modulation_cross_attn.2.weight
42,dit_block,BFLOAT16,net.blocks.42.adaln_modulation_mlp.1.weight,,524288,"[256, 2048]",N/A,adaln_modulation_mlp.1.weight
42,dit_block,BFLOAT16,net.blocks.42.adaln_modulation_mlp.2.weight,,1572864,"[6144, 256]",N/A,adaln_modulation_mlp.2.weight
42,dit_block,BFLOAT16,net.blocks.42.adaln_modulation_self_attn.1.weight,,524288,"[256, 2048]",N/A,adaln_modulation_self_attn.1.weight
42,dit_block,BFLOAT16,net.blocks.42.adaln_modulation_self_attn.2.weight,,1572864,"[6144, 256]",N/A,adaln_modulation_self_attn.2.weight
42,dit_block,BFLOAT16,net.blocks.42.cross_attn.k_norm.weight,,128,[128],N/A,cross_attn.k_norm.weight
42,dit_block,BFLOAT16,net.blocks.42.cross_attn.k_proj.weight,,2097152,"[2048, 1024]",N/A,cross_attn.k_proj.weight
42,dit_block,BFLOAT16,net.blocks.42.cross_attn.output_proj.weight,,4194304,"[2048, 2048]",N/A,cross_attn.output_proj.weight
42,dit_block,BFLOAT16,net.blocks.42.cross_attn.q_norm.weight,,128,[128],N/A,cross_attn.q_norm.weight
42,dit_block,BFLOAT16,net.blocks.42.cross_attn.q_proj.weight,,4194304,"[2048, 2048]",N/A,cross_attn.q_proj.weight
42,dit_block,BFLOAT16,net.blocks.42.cross_attn.v_proj.weight,,2097152,"[2048, 1024]",N/A,cross_attn.v_proj.weight
42,dit_block,BFLOAT16,net.blocks.42.mlp.layer1.weight,,16777216,"[8192, 2048]",N/A,mlp.layer1.weight
42,dit_block,BFLOAT16,net.blocks.42.mlp.layer2.weight,,16777216,"[2048, 8192]",N/A,mlp.layer2.weight
42,dit_block,BFLOAT16,net.blocks.42.self_attn.k_norm.weight,,128,[128],N/A,self_attn.k_norm.weight
42,dit_block,BFLOAT16,net.blocks.42.self_attn.k_proj.weight,,4194304,"[2048, 2048]",N/A,self_attn.k_proj.weight
42,dit_block,BFLOAT16,net.blocks.42.self_attn.output_proj.weight,,4194304,"[2048, 2048]",N/A,self_attn.output_proj.weight
42,dit_block,BFLOAT16,net.blocks.42.self_attn.q_norm.weight,,128,[128],N/A,self_attn.q_norm.weight
42,dit_block,BFLOAT16,net.blocks.42.self_attn.q_proj.weight,,4194304,"[2048, 2048]",N/A,self_attn.q_proj.weight
42,dit_block,BFLOAT16,net.blocks.42.self_attn.v_proj.weight,,4194304,"[2048, 2048]",N/A,self_attn.v_proj.weight
43,dit_block,BFLOAT16,net.blocks.43.adaln_modulation_cross_attn.1.weight,,524288,"[256, 2048]",N/A,adaln_modulation_cross_attn.1.weight
43,dit_block,BFLOAT16,net.blocks.43.adaln_modulation_cross_attn.2.weight,,1572864,"[6144, 256]",N/A,adaln_modulation_cross_attn.2.weight
43,dit_block,BFLOAT16,net.blocks.43.adaln_modulation_mlp.1.weight,,524288,"[256, 2048]",N/A,adaln_modulation_mlp.1.weight
43,dit_block,BFLOAT16,net.blocks.43.adaln_modulation_mlp.2.weight,,1572864,"[6144, 256]",N/A,adaln_modulation_mlp.2.weight
43,dit_block,BFLOAT16,net.blocks.43.adaln_modulation_self_attn.1.weight,,524288,"[256, 2048]",N/A,adaln_modulation_self_attn.1.weight
43,dit_block,BFLOAT16,net.blocks.43.adaln_modulation_self_attn.2.weight,,1572864,"[6144, 256]",N/A,adaln_modulation_self_attn.2.weight
43,dit_block,BFLOAT16,net.blocks.43.cross_attn.k_norm.weight,,128,[128],N/A,cross_attn.k_norm.weight
43,dit_block,BFLOAT16,net.blocks.43.cross_attn.k_proj.weight,,2097152,"[2048, 1024]",N/A,cross_attn.k_proj.weight
43,dit_block,BFLOAT16,net.blocks.43.cross_attn.output_proj.weight,,4194304,"[2048, 2048]",N/A,cross_attn.output_proj.weight
43,dit_block,BFLOAT16,net.blocks.43.cross_attn.q_norm.weight,,128,[128],N/A,cross_attn.q_norm.weight
43,dit_block,BFLOAT16,net.blocks.43.cross_attn.q_proj.weight,,4194304,"[2048, 2048]",N/A,cross_attn.q_proj.weight
43,dit_block,BFLOAT16,net.blocks.43.cross_attn.v_proj.weight,,2097152,"[2048, 1024]",N/A,cross_attn.v_proj.weight
43,dit_block,BFLOAT16,net.blocks.43.mlp.layer1.weight,,16777216,"[8192, 2048]",N/A,mlp.layer1.weight
43,dit_block,BFLOAT16,net.blocks.43.mlp.layer2.weight,,16777216,"[2048, 8192]",N/A,mlp.layer2.weight
43,dit_block,BFLOAT16,net.blocks.43.self_attn.k_norm.weight,,128,[128],N/A,self_attn.k_norm.weight
43,dit_block,BFLOAT16,net.blocks.43.self_attn.k_proj.weight,,4194304,"[2048, 2048]",N/A,self_attn.k_proj.weight
43,dit_block,BFLOAT16,net.blocks.43.self_attn.output_proj.weight,,4194304,"[2048, 2048]",N/A,self_attn.output_proj.weight
43,dit_block,BFLOAT16,net.blocks.43.self_attn.q_norm.weight,,128,[128],N/A,self_attn.q_norm.weight
43,dit_block,BFLOAT16,net.blocks.43.self_attn.q_proj.weight,,4194304,"[2048, 2048]",N/A,self_attn.q_proj.weight
43,dit_block,BFLOAT16,net.blocks.43.self_attn.v_proj.weight,,4194304,"[2048, 2048]",N/A,self_attn.v_proj.weight
44,dit_block,BFLOAT16,net.blocks.44.adaln_modulation_cross_attn.1.weight,,524288,"[256, 2048]",N/A,adaln_modulation_cross_attn.1.weight
44,dit_block,BFLOAT16,net.blocks.44.adaln_modulation_cross_attn.2.weight,,1572864,"[6144, 256]",N/A,adaln_modulation_cross_attn.2.weight
44,dit_block,BFLOAT16,net.blocks.44.adaln_modulation_mlp.1.weight,,524288,"[256, 2048]",N/A,adaln_modulation_mlp.1.weight
44,dit_block,BFLOAT16,net.blocks.44.adaln_modulation_mlp.2.weight,,1572864,"[6144, 256]",N/A,adaln_modulation_mlp.2.weight
44,dit_block,BFLOAT16,net.blocks.44.adaln_modulation_self_attn.1.weight,,524288,"[256, 2048]",N/A,adaln_modulation_self_attn.1.weight
44,dit_block,BFLOAT16,net.blocks.44.adaln_modulation_self_attn.2.weight,,1572864,"[6144, 256]",N/A,adaln_modulation_self_attn.2.weight
44,dit_block,BFLOAT16,net.blocks.44.cross_attn.k_norm.weight,,128,[128],N/A,cross_attn.k_norm.weight
44,dit_block,BFLOAT16,net.blocks.44.cross_attn.k_proj.weight,,2097152,"[2048, 1024]",N/A,cross_attn.k_proj.weight
44,dit_block,BFLOAT16,net.blocks.44.cross_attn.output_proj.weight,,4194304,"[2048, 2048]",N/A,cross_attn.output_proj.weight
44,dit_block,BFLOAT16,net.blocks.44.cross_attn.q_norm.weight,,128,[128],N/A,cross_attn.q_norm.weight
44,dit_block,BFLOAT16,net.blocks.44.cross_attn.q_proj.weight,,4194304,"[2048, 2048]",N/A,cross_attn.q_proj.weight
44,dit_block,BFLOAT16,net.blocks.44.cross_attn.v_proj.weight,,2097152,"[2048, 1024]",N/A,cross_attn.v_proj.weight
44,dit_block,BFLOAT16,net.blocks.44.mlp.layer1.weight,,16777216,"[8192, 2048]",N/A,mlp.layer1.weight
44,dit_block,BFLOAT16,net.blocks.44.mlp.layer2.weight,,16777216,"[2048, 8192]",N/A,mlp.layer2.weight
44,dit_block,BFLOAT16,net.blocks.44.self_attn.k_norm.weight,,128,[128],N/A,self_attn.k_norm.weight
44,dit_block,BFLOAT16,net.blocks.44.self_attn.k_proj.weight,,4194304,"[2048, 2048]",N/A,self_attn.k_proj.weight
44,dit_block,BFLOAT16,net.blocks.44.self_attn.output_proj.weight,,4194304,"[2048, 2048]",N/A,self_attn.output_proj.weight
44,dit_block,BFLOAT16,net.blocks.44.self_attn.q_norm.weight,,128,[128],N/A,self_attn.q_norm.weight
44,dit_block,BFLOAT16,net.blocks.44.self_attn.q_proj.weight,,4194304,"[2048, 2048]",N/A,self_attn.q_proj.weight
44,dit_block,BFLOAT16,net.blocks.44.self_attn.v_proj.weight,,4194304,"[2048, 2048]",N/A,self_attn.v_proj.weight
45,dit_block,BFLOAT16,net.blocks.45.adaln_modulation_cross_attn.1.weight,,524288,"[256, 2048]",N/A,adaln_modulation_cross_attn.1.weight
45,dit_block,BFLOAT16,net.blocks.45.adaln_modulation_cross_attn.2.weight,,1572864,"[6144, 256]",N/A,adaln_modulation_cross_attn.2.weight
45,dit_block,BFLOAT16,net.blocks.45.adaln_modulation_mlp.1.weight,,524288,"[256, 2048]",N/A,adaln_modulation_mlp.1.weight
45,dit_block,BFLOAT16,net.blocks.45.adaln_modulation_mlp.2.weight,,1572864,"[6144, 256]",N/A,adaln_modulation_mlp.2.weight
45,dit_block,BFLOAT16,net.blocks.45.adaln_modulation_self_attn.1.weight,,524288,"[256, 2048]",N/A,adaln_modulation_self_attn.1.weight
45,dit_block,BFLOAT16,net.blocks.45.adaln_modulation_self_attn.2.weight,,1572864,"[6144, 256]",N/A,adaln_modulation_self_attn.2.weight
45,dit_block,BFLOAT16,net.blocks.45.cross_attn.k_norm.weight,,128,[128],N/A,cross_attn.k_norm.weight
45,dit_block,BFLOAT16,net.blocks.45.cross_attn.k_proj.weight,,2097152,"[2048, 1024]",N/A,cross_attn.k_proj.weight
45,dit_block,BFLOAT16,net.blocks.45.cross_attn.output_proj.weight,,4194304,"[2048, 2048]",N/A,cross_attn.output_proj.weight
45,dit_block,BFLOAT16,net.blocks.45.cross_attn.q_norm.weight,,128,[128],N/A,cross_attn.q_norm.weight
45,dit_block,BFLOAT16,net.blocks.45.cross_attn.q_proj.weight,,4194304,"[2048, 2048]",N/A,cross_attn.q_proj.weight
45,dit_block,BFLOAT16,net.blocks.45.cross_attn.v_proj.weight,,2097152,"[2048, 1024]",N/A,cross_attn.v_proj.weight
45,dit_block,BFLOAT16,net.blocks.45.mlp.layer1.weight,,16777216,"[8192, 2048]",N/A,mlp.layer1.weight
45,dit_block,BFLOAT16,net.blocks.45.mlp.layer2.weight,,16777216,"[2048, 8192]",N/A,mlp.layer2.weight
45,dit_block,BFLOAT16,net.blocks.45.self_attn.k_norm.weight,,128,[128],N/A,self_attn.k_norm.weight
45,dit_block,BFLOAT16,net.blocks.45.self_attn.k_proj.weight,,4194304,"[2048, 2048]",N/A,self_attn.k_proj.weight
45,dit_block,BFLOAT16,net.blocks.45.self_attn.output_proj.weight,,4194304,"[2048, 2048]",N/A,self_attn.output_proj.weight
45,dit_block,BFLOAT16,net.blocks.45.self_attn.q_norm.weight,,128,[128],N/A,self_attn.q_norm.weight
45,dit_block,BFLOAT16,net.blocks.45.self_attn.q_proj.weight,,4194304,"[2048, 2048]",N/A,self_attn.q_proj.weight
45,dit_block,BFLOAT16,net.blocks.45.self_attn.v_proj.weight,,4194304,"[2048, 2048]",N/A,self_attn.v_proj.weight
46,dit_block,BFLOAT16,net.blocks.46.adaln_modulation_cross_attn.1.weight,,524288,"[256, 2048]",N/A,adaln_modulation_cross_attn.1.weight
46,dit_block,BFLOAT16,net.blocks.46.adaln_modulation_cross_attn.2.weight,,1572864,"[6144, 256]",N/A,adaln_modulation_cross_attn.2.weight
46,dit_block,BFLOAT16,net.blocks.46.adaln_modulation_mlp.1.weight,,524288,"[256, 2048]",N/A,adaln_modulation_mlp.1.weight
46,dit_block,BFLOAT16,net.blocks.46.adaln_modulation_mlp.2.weight,,1572864,"[6144, 256]",N/A,adaln_modulation_mlp.2.weight
46,dit_block,BFLOAT16,net.blocks.46.adaln_modulation_self_attn.1.weight,,524288,"[256, 2048]",N/A,adaln_modulation_self_attn.1.weight
46,dit_block,BFLOAT16,net.blocks.46.adaln_modulation_self_attn.2.weight,,1572864,"[6144, 256]",N/A,adaln_modulation_self_attn.2.weight
46,dit_block,BFLOAT16,net.blocks.46.cross_attn.k_norm.weight,,128,[128],N/A,cross_attn.k_norm.weight
46,dit_block,BFLOAT16,net.blocks.46.cross_attn.k_proj.weight,,2097152,"[2048, 1024]",N/A,cross_attn.k_proj.weight
46,dit_block,BFLOAT16,net.blocks.46.cross_attn.output_proj.weight,,4194304,"[2048, 2048]",N/A,cross_attn.output_proj.weight
46,dit_block,BFLOAT16,net.blocks.46.cross_attn.q_norm.weight,,128,[128],N/A,cross_attn.q_norm.weight
46,dit_block,BFLOAT16,net.blocks.46.cross_attn.q_proj.weight,,4194304,"[2048, 2048]",N/A,cross_attn.q_proj.weight
46,dit_block,BFLOAT16,net.blocks.46.cross_attn.v_proj.weight,,2097152,"[2048, 1024]",N/A,cross_attn.v_proj.weight
46,dit_block,BFLOAT16,net.blocks.46.mlp.layer1.weight,,16777216,"[8192, 2048]",N/A,mlp.layer1.weight
46,dit_block,BFLOAT16,net.blocks.46.mlp.layer2.weight,,16777216,"[2048, 8192]",N/A,mlp.layer2.weight
46,dit_block,BFLOAT16,net.blocks.46.self_attn.k_norm.weight,,128,[128],N/A,self_attn.k_norm.weight
46,dit_block,BFLOAT16,net.blocks.46.self_attn.k_proj.weight,,4194304,"[2048, 2048]",N/A,self_attn.k_proj.weight
46,dit_block,BFLOAT16,net.blocks.46.self_attn.output_proj.weight,,4194304,"[2048, 2048]",N/A,self_attn.output_proj.weight
46,dit_block,BFLOAT16,net.blocks.46.self_attn.q_norm.weight,,128,[128],N/A,self_attn.q_norm.weight
46,dit_block,BFLOAT16,net.blocks.46.self_attn.q_proj.weight,,4194304,"[2048, 2048]",N/A,self_attn.q_proj.weight
46,dit_block,BFLOAT16,net.blocks.46.self_attn.v_proj.weight,,4194304,"[2048, 2048]",N/A,self_attn.v_proj.weight
47,dit_block,BFLOAT16,net.blocks.47.adaln_modulation_cross_attn.1.weight,,524288,"[256, 2048]",N/A,adaln_modulation_cross_attn.1.weight
47,dit_block,BFLOAT16,net.blocks.47.adaln_modulation_cross_attn.2.weight,,1572864,"[6144, 256]",N/A,adaln_modulation_cross_attn.2.weight
47,dit_block,BFLOAT16,net.blocks.47.adaln_modulation_mlp.1.weight,,524288,"[256, 2048]",N/A,adaln_modulation_mlp.1.weight
47,dit_block,BFLOAT16,net.blocks.47.adaln_modulation_mlp.2.weight,,1572864,"[6144, 256]",N/A,adaln_modulation_mlp.2.weight
47,dit_block,BFLOAT16,net.blocks.47.adaln_modulation_self_attn.1.weight,,524288,"[256, 2048]",N/A,adaln_modulation_self_attn.1.weight
47,dit_block,BFLOAT16,net.blocks.47.adaln_modulation_self_attn.2.weight,,1572864,"[6144, 256]",N/A,adaln_modulation_self_attn.2.weight
47,dit_block,BFLOAT16,net.blocks.47.cross_attn.k_norm.weight,,128,[128],N/A,cross_attn.k_norm.weight
47,dit_block,BFLOAT16,net.blocks.47.cross_attn.k_proj.weight,,2097152,"[2048, 1024]",N/A,cross_attn.k_proj.weight
47,dit_block,BFLOAT16,net.blocks.47.cross_attn.output_proj.weight,,4194304,"[2048, 2048]",N/A,cross_attn.output_proj.weight
47,dit_block,BFLOAT16,net.blocks.47.cross_attn.q_norm.weight,,128,[128],N/A,cross_attn.q_norm.weight
47,dit_block,BFLOAT16,net.blocks.47.cross_attn.q_proj.weight,,4194304,"[2048, 2048]",N/A,cross_attn.q_proj.weight
47,dit_block,BFLOAT16,net.blocks.47.cross_attn.v_proj.weight,,2097152,"[2048, 1024]",N/A,cross_attn.v_proj.weight
47,dit_block,BFLOAT16,net.blocks.47.mlp.layer1.weight,,16777216,"[8192, 2048]",N/A,mlp.layer1.weight
47,dit_block,BFLOAT16,net.blocks.47.mlp.layer2.weight,,16777216,"[2048, 8192]",N/A,mlp.layer2.weight
47,dit_block,BFLOAT16,net.blocks.47.self_attn.k_norm.weight,,128,[128],N/A,self_attn.k_norm.weight
47,dit_block,BFLOAT16,net.blocks.47.self_attn.k_proj.weight,,4194304,"[2048, 2048]",N/A,self_attn.k_proj.weight
47,dit_block,BFLOAT16,net.blocks.47.self_attn.output_proj.weight,,4194304,"[2048, 2048]",N/A,self_attn.output_proj.weight
47,dit_block,BFLOAT16,net.blocks.47.self_attn.q_norm.weight,,128,[128],N/A,self_attn.q_norm.weight
47,dit_block,BFLOAT16,net.blocks.47.self_attn.q_proj.weight,,4194304,"[2048, 2048]",N/A,self_attn.q_proj.weight
47,dit_block,BFLOAT16,net.blocks.47.self_attn.v_proj.weight,,4194304,"[2048, 2048]",N/A,self_attn.v_proj.weight
48,dit_block,BFLOAT16,net.blocks.48.adaln_modulation_cross_attn.1.weight,,524288,"[256, 2048]",N/A,adaln_modulation_cross_attn.1.weight
48,dit_block,BFLOAT16,net.blocks.48.adaln_modulation_cross_attn.2.weight,,1572864,"[6144, 256]",N/A,adaln_modulation_cross_attn.2.weight
48,dit_block,BFLOAT16,net.blocks.48.adaln_modulation_mlp.1.weight,,524288,"[256, 2048]",N/A,adaln_modulation_mlp.1.weight
48,dit_block,BFLOAT16,net.blocks.48.adaln_modulation_mlp.2.weight,,1572864,"[6144, 256]",N/A,adaln_modulation_mlp.2.weight
48,dit_block,BFLOAT16,net.blocks.48.adaln_modulation_self_attn.1.weight,,524288,"[256, 2048]",N/A,adaln_modulation_self_attn.1.weight
48,dit_block,BFLOAT16,net.blocks.48.adaln_modulation_self_attn.2.weight,,1572864,"[6144, 256]",N/A,adaln_modulation_self_attn.2.weight
48,dit_block,BFLOAT16,net.blocks.48.cross_attn.k_norm.weight,,128,[128],N/A,cross_attn.k_norm.weight
48,dit_block,BFLOAT16,net.blocks.48.cross_attn.k_proj.weight,,2097152,"[2048, 1024]",N/A,cross_attn.k_proj.weight
48,dit_block,BFLOAT16,net.blocks.48.cross_attn.output_proj.weight,,4194304,"[2048, 2048]",N/A,cross_attn.output_proj.weight
48,dit_block,BFLOAT16,net.blocks.48.cross_attn.q_norm.weight,,128,[128],N/A,cross_attn.q_norm.weight
48,dit_block,BFLOAT16,net.blocks.48.cross_attn.q_proj.weight,,4194304,"[2048, 2048]",N/A,cross_attn.q_proj.weight
48,dit_block,BFLOAT16,net.blocks.48.cross_attn.v_proj.weight,,2097152,"[2048, 1024]",N/A,cross_attn.v_proj.weight
48,dit_block,BFLOAT16,net.blocks.48.mlp.layer1.weight,,16777216,"[8192, 2048]",N/A,mlp.layer1.weight
48,dit_block,BFLOAT16,net.blocks.48.mlp.layer2.weight,,16777216,"[2048, 8192]",N/A,mlp.layer2.weight
48,dit_block,BFLOAT16,net.blocks.48.self_attn.k_norm.weight,,128,[128],N/A,self_attn.k_norm.weight
48,dit_block,BFLOAT16,net.blocks.48.self_attn.k_proj.weight,,4194304,"[2048, 2048]",N/A,self_attn.k_proj.weight
48,dit_block,BFLOAT16,net.blocks.48.self_attn.output_proj.weight,,4194304,"[2048, 2048]",N/A,self_attn.output_proj.weight
48,dit_block,BFLOAT16,net.blocks.48.self_attn.q_norm.weight,,128,[128],N/A,self_attn.q_norm.weight
48,dit_block,BFLOAT16,net.blocks.48.self_attn.q_proj.weight,,4194304,"[2048, 2048]",N/A,self_attn.q_proj.weight
48,dit_block,BFLOAT16,net.blocks.48.self_attn.v_proj.weight,,4194304,"[2048, 2048]",N/A,self_attn.v_proj.weight
49,dit_block,BFLOAT16,net.blocks.49.adaln_modulation_cross_attn.1.weight,,524288,"[256, 2048]",N/A,adaln_modulation_cross_attn.1.weight
49,dit_block,BFLOAT16,net.blocks.49.adaln_modulation_cross_attn.2.weight,,1572864,"[6144, 256]",N/A,adaln_modulation_cross_attn.2.weight
49,dit_block,BFLOAT16,net.blocks.49.adaln_modulation_mlp.1.weight,,524288,"[256, 2048]",N/A,adaln_modulation_mlp.1.weight
49,dit_block,BFLOAT16,net.blocks.49.adaln_modulation_mlp.2.weight,,1572864,"[6144, 256]",N/A,adaln_modulation_mlp.2.weight
49,dit_block,BFLOAT16,net.blocks.49.adaln_modulation_self_attn.1.weight,,524288,"[256, 2048]",N/A,adaln_modulation_self_attn.1.weight
49,dit_block,BFLOAT16,net.blocks.49.adaln_modulation_self_attn.2.weight,,1572864,"[6144, 256]",N/A,adaln_modulation_self_attn.2.weight
49,dit_block,BFLOAT16,net.blocks.49.cross_attn.k_norm.weight,,128,[128],N/A,cross_attn.k_norm.weight
49,dit_block,BFLOAT16,net.blocks.49.cross_attn.k_proj.weight,,2097152,"[2048, 1024]",N/A,cross_attn.k_proj.weight
49,dit_block,BFLOAT16,net.blocks.49.cross_attn.output_proj.weight,,4194304,"[2048, 2048]",N/A,cross_attn.output_proj.weight
49,dit_block,BFLOAT16,net.blocks.49.cross_attn.q_norm.weight,,128,[128],N/A,cross_attn.q_norm.weight
49,dit_block,BFLOAT16,net.blocks.49.cross_attn.q_proj.weight,,4194304,"[2048, 2048]",N/A,cross_attn.q_proj.weight
49,dit_block,BFLOAT16,net.blocks.49.cross_attn.v_proj.weight,,2097152,"[2048, 1024]",N/A,cross_attn.v_proj.weight
49,dit_block,BFLOAT16,net.blocks.49.mlp.layer1.weight,,16777216,"[8192, 2048]",N/A,mlp.layer1.weight
49,dit_block,BFLOAT16,net.blocks.49.mlp.layer2.weight,,16777216,"[2048, 8192]",N/A,mlp.layer2.weight
49,dit_block,BFLOAT16,net.blocks.49.self_attn.k_norm.weight,,128,[128],N/A,self_attn.k_norm.weight
49,dit_block,BFLOAT16,net.blocks.49.self_attn.k_proj.weight,,4194304,"[2048, 2048]",N/A,self_attn.k_proj.weight
49,dit_block,BFLOAT16,net.blocks.49.self_attn.output_proj.weight,,4194304,"[2048, 2048]",N/A,self_attn.output_proj.weight
49,dit_block,BFLOAT16,net.blocks.49.self_attn.q_norm.weight,,128,[128],N/A,self_attn.q_norm.weight
49,dit_block,BFLOAT16,net.blocks.49.self_attn.q_proj.weight,,4194304,"[2048, 2048]",N/A,self_attn.q_proj.weight
49,dit_block,BFLOAT16,net.blocks.49.self_attn.v_proj.weight,,4194304,"[2048, 2048]",N/A,self_attn.v_proj.weight
5,dit_block,BFLOAT16,net.blocks.5.adaln_modulation_cross_attn.1.weight,,524288,"[256, 2048]",N/A,adaln_modulation_cross_attn.1.weight
5,dit_block,BFLOAT16,net.blocks.5.adaln_modulation_cross_attn.2.weight,,1572864,"[6144, 256]",N/A,adaln_modulation_cross_attn.2.weight
5,dit_block,BFLOAT16,net.blocks.5.adaln_modulation_mlp.1.weight,,524288,"[256, 2048]",N/A,adaln_modulation_mlp.1.weight
5,dit_block,BFLOAT16,net.blocks.5.adaln_modulation_mlp.2.weight,,1572864,"[6144, 256]",N/A,adaln_modulation_mlp.2.weight
5,dit_block,BFLOAT16,net.blocks.5.adaln_modulation_self_attn.1.weight,,524288,"[256, 2048]",N/A,adaln_modulation_self_attn.1.weight
5,dit_block,BFLOAT16,net.blocks.5.adaln_modulation_self_attn.2.weight,,1572864,"[6144, 256]",N/A,adaln_modulation_self_attn.2.weight
5,dit_block,BFLOAT16,net.blocks.5.cross_attn.k_norm.weight,,128,[128],N/A,cross_attn.k_norm.weight
5,dit_block,BFLOAT16,net.blocks.5.cross_attn.k_proj.weight,,2097152,"[2048, 1024]",N/A,cross_attn.k_proj.weight
5,dit_block,BFLOAT16,net.blocks.5.cross_attn.output_proj.weight,,4194304,"[2048, 2048]",N/A,cross_attn.output_proj.weight
5,dit_block,BFLOAT16,net.blocks.5.cross_attn.q_norm.weight,,128,[128],N/A,cross_attn.q_norm.weight
5,dit_block,BFLOAT16,net.blocks.5.cross_attn.q_proj.weight,,4194304,"[2048, 2048]",N/A,cross_attn.q_proj.weight
5,dit_block,BFLOAT16,net.blocks.5.cross_attn.v_proj.weight,,2097152,"[2048, 1024]",N/A,cross_attn.v_proj.weight
5,dit_block,BFLOAT16,net.blocks.5.mlp.layer1.weight,,16777216,"[8192, 2048]",N/A,mlp.layer1.weight
5,dit_block,BFLOAT16,net.blocks.5.mlp.layer2.weight,,16777216,"[2048, 8192]",N/A,mlp.layer2.weight
5,dit_block,BFLOAT16,net.blocks.5.self_attn.k_norm.weight,,128,[128],N/A,self_attn.k_norm.weight
5,dit_block,BFLOAT16,net.blocks.5.self_attn.k_proj.weight,,4194304,"[2048, 2048]",N/A,self_attn.k_proj.weight
5,dit_block,BFLOAT16,net.blocks.5.self_attn.output_proj.weight,,4194304,"[2048, 2048]",N/A,self_attn.output_proj.weight
5,dit_block,BFLOAT16,net.blocks.5.self_attn.q_norm.weight,,128,[128],N/A,self_attn.q_norm.weight
5,dit_block,BFLOAT16,net.blocks.5.self_attn.q_proj.weight,,4194304,"[2048, 2048]",N/A,self_attn.q_proj.weight
5,dit_block,BFLOAT16,net.blocks.5.self_attn.v_proj.weight,,4194304,"[2048, 2048]",N/A,self_attn.v_proj.weight
50,dit_block,BFLOAT16,net.blocks.50.adaln_modulation_cross_attn.1.weight,,524288,"[256, 2048]",N/A,adaln_modulation_cross_attn.1.weight
50,dit_block,BFLOAT16,net.blocks.50.adaln_modulation_cross_attn.2.weight,,1572864,"[6144, 256]",N/A,adaln_modulation_cross_attn.2.weight
50,dit_block,BFLOAT16,net.blocks.50.adaln_modulation_mlp.1.weight,,524288,"[256, 2048]",N/A,adaln_modulation_mlp.1.weight
50,dit_block,BFLOAT16,net.blocks.50.adaln_modulation_mlp.2.weight,,1572864,"[6144, 256]",N/A,adaln_modulation_mlp.2.weight
50,dit_block,BFLOAT16,net.blocks.50.adaln_modulation_self_attn.1.weight,,524288,"[256, 2048]",N/A,adaln_modulation_self_attn.1.weight
50,dit_block,BFLOAT16,net.blocks.50.adaln_modulation_self_attn.2.weight,,1572864,"[6144, 256]",N/A,adaln_modulation_self_attn.2.weight
50,dit_block,BFLOAT16,net.blocks.50.cross_attn.k_norm.weight,,128,[128],N/A,cross_attn.k_norm.weight
50,dit_block,BFLOAT16,net.blocks.50.cross_attn.k_proj.weight,,2097152,"[2048, 1024]",N/A,cross_attn.k_proj.weight
50,dit_block,BFLOAT16,net.blocks.50.cross_attn.output_proj.weight,,4194304,"[2048, 2048]",N/A,cross_attn.output_proj.weight
50,dit_block,BFLOAT16,net.blocks.50.cross_attn.q_norm.weight,,128,[128],N/A,cross_attn.q_norm.weight
50,dit_block,BFLOAT16,net.blocks.50.cross_attn.q_proj.weight,,4194304,"[2048, 2048]",N/A,cross_attn.q_proj.weight
50,dit_block,BFLOAT16,net.blocks.50.cross_attn.v_proj.weight,,2097152,"[2048, 1024]",N/A,cross_attn.v_proj.weight
50,dit_block,BFLOAT16,net.blocks.50.mlp.layer1.weight,,16777216,"[8192, 2048]",N/A,mlp.layer1.weight
50,dit_block,BFLOAT16,net.blocks.50.mlp.layer2.weight,,16777216,"[2048, 8192]",N/A,mlp.layer2.weight
50,dit_block,BFLOAT16,net.blocks.50.self_attn.k_norm.weight,,128,[128],N/A,self_attn.k_norm.weight
50,dit_block,BFLOAT16,net.blocks.50.self_attn.k_proj.weight,,4194304,"[2048, 2048]",N/A,self_attn.k_proj.weight
50,dit_block,BFLOAT16,net.blocks.50.self_attn.output_proj.weight,,4194304,"[2048, 2048]",N/A,self_attn.output_proj.weight
50,dit_block,BFLOAT16,net.blocks.50.self_attn.q_norm.weight,,128,[128],N/A,self_attn.q_norm.weight
50,dit_block,BFLOAT16,net.blocks.50.self_attn.q_proj.weight,,4194304,"[2048, 2048]",N/A,self_attn.q_proj.weight
50,dit_block,BFLOAT16,net.blocks.50.self_attn.v_proj.weight,,4194304,"[2048, 2048]",N/A,self_attn.v_proj.weight
51,dit_block,BFLOAT16,net.blocks.51.adaln_modulation_cross_attn.1.weight,,524288,"[256, 2048]",N/A,adaln_modulation_cross_attn.1.weight
51,dit_block,BFLOAT16,net.blocks.51.adaln_modulation_cross_attn.2.weight,,1572864,"[6144, 256]",N/A,adaln_modulation_cross_attn.2.weight
51,dit_block,BFLOAT16,net.blocks.51.adaln_modulation_mlp.1.weight,,524288,"[256, 2048]",N/A,adaln_modulation_mlp.1.weight
51,dit_block,BFLOAT16,net.blocks.51.adaln_modulation_mlp.2.weight,,1572864,"[6144, 256]",N/A,adaln_modulation_mlp.2.weight
51,dit_block,BFLOAT16,net.blocks.51.adaln_modulation_self_attn.1.weight,,524288,"[256, 2048]",N/A,adaln_modulation_self_attn.1.weight
51,dit_block,BFLOAT16,net.blocks.51.adaln_modulation_self_attn.2.weight,,1572864,"[6144, 256]",N/A,adaln_modulation_self_attn.2.weight
51,dit_block,BFLOAT16,net.blocks.51.cross_attn.k_norm.weight,,128,[128],N/A,cross_attn.k_norm.weight
51,dit_block,BFLOAT16,net.blocks.51.cross_attn.k_proj.weight,,2097152,"[2048, 1024]",N/A,cross_attn.k_proj.weight
51,dit_block,BFLOAT16,net.blocks.51.cross_attn.output_proj.weight,,4194304,"[2048, 2048]",N/A,cross_attn.output_proj.weight
51,dit_block,BFLOAT16,net.blocks.51.cross_attn.q_norm.weight,,128,[128],N/A,cross_attn.q_norm.weight
51,dit_block,BFLOAT16,net.blocks.51.cross_attn.q_proj.weight,,4194304,"[2048, 2048]",N/A,cross_attn.q_proj.weight
51,dit_block,BFLOAT16,net.blocks.51.cross_attn.v_proj.weight,,2097152,"[2048, 1024]",N/A,cross_attn.v_proj.weight
51,dit_block,BFLOAT16,net.blocks.51.mlp.layer1.weight,,16777216,"[8192, 2048]",N/A,mlp.layer1.weight
51,dit_block,BFLOAT16,net.blocks.51.mlp.layer2.weight,,16777216,"[2048, 8192]",N/A,mlp.layer2.weight
51,dit_block,BFLOAT16,net.blocks.51.self_attn.k_norm.weight,,128,[128],N/A,self_attn.k_norm.weight
51,dit_block,BFLOAT16,net.blocks.51.self_attn.k_proj.weight,,4194304,"[2048, 2048]",N/A,self_attn.k_proj.weight
51,dit_block,BFLOAT16,net.blocks.51.self_attn.output_proj.weight,,4194304,"[2048, 2048]",N/A,self_attn.output_proj.weight
51,dit_block,BFLOAT16,net.blocks.51.self_attn.q_norm.weight,,128,[128],N/A,self_attn.q_norm.weight
51,dit_block,BFLOAT16,net.blocks.51.self_attn.q_proj.weight,,4194304,"[2048, 2048]",N/A,self_attn.q_proj.weight
51,dit_block,BFLOAT16,net.blocks.51.self_attn.v_proj.weight,,4194304,"[2048, 2048]",N/A,self_attn.v_proj.weight
6,dit_block,BFLOAT16,net.blocks.6.adaln_modulation_cross_attn.1.weight,,524288,"[256, 2048]",N/A,adaln_modulation_cross_attn.1.weight
6,dit_block,BFLOAT16,net.blocks.6.adaln_modulation_cross_attn.2.weight,,1572864,"[6144, 256]",N/A,adaln_modulation_cross_attn.2.weight
6,dit_block,BFLOAT16,net.blocks.6.adaln_modulation_mlp.1.weight,,524288,"[256, 2048]",N/A,adaln_modulation_mlp.1.weight
6,dit_block,BFLOAT16,net.blocks.6.adaln_modulation_mlp.2.weight,,1572864,"[6144, 256]",N/A,adaln_modulation_mlp.2.weight
6,dit_block,BFLOAT16,net.blocks.6.adaln_modulation_self_attn.1.weight,,524288,"[256, 2048]",N/A,adaln_modulation_self_attn.1.weight
6,dit_block,BFLOAT16,net.blocks.6.adaln_modulation_self_attn.2.weight,,1572864,"[6144, 256]",N/A,adaln_modulation_self_attn.2.weight
6,dit_block,BFLOAT16,net.blocks.6.cross_attn.k_norm.weight,,128,[128],N/A,cross_attn.k_norm.weight
6,dit_block,BFLOAT16,net.blocks.6.cross_attn.k_proj.weight,,2097152,"[2048, 1024]",N/A,cross_attn.k_proj.weight
6,dit_block,BFLOAT16,net.blocks.6.cross_attn.output_proj.weight,,4194304,"[2048, 2048]",N/A,cross_attn.output_proj.weight
6,dit_block,BFLOAT16,net.blocks.6.cross_attn.q_norm.weight,,128,[128],N/A,cross_attn.q_norm.weight
6,dit_block,BFLOAT16,net.blocks.6.cross_attn.q_proj.weight,,4194304,"[2048, 2048]",N/A,cross_attn.q_proj.weight
6,dit_block,BFLOAT16,net.blocks.6.cross_attn.v_proj.weight,,2097152,"[2048, 1024]",N/A,cross_attn.v_proj.weight
6,dit_block,BFLOAT16,net.blocks.6.mlp.layer1.weight,,16777216,"[8192, 2048]",N/A,mlp.layer1.weight
6,dit_block,BFLOAT16,net.blocks.6.mlp.layer2.weight,,16777216,"[2048, 8192]",N/A,mlp.layer2.weight
6,dit_block,BFLOAT16,net.blocks.6.self_attn.k_norm.weight,,128,[128],N/A,self_attn.k_norm.weight
6,dit_block,BFLOAT16,net.blocks.6.self_attn.k_proj.weight,,4194304,"[2048, 2048]",N/A,self_attn.k_proj.weight
6,dit_block,BFLOAT16,net.blocks.6.self_attn.output_proj.weight,,4194304,"[2048, 2048]",N/A,self_attn.output_proj.weight
6,dit_block,BFLOAT16,net.blocks.6.self_attn.q_norm.weight,,128,[128],N/A,self_attn.q_norm.weight
6,dit_block,BFLOAT16,net.blocks.6.self_attn.q_proj.weight,,4194304,"[2048, 2048]",N/A,self_attn.q_proj.weight
6,dit_block,BFLOAT16,net.blocks.6.self_attn.v_proj.weight,,4194304,"[2048, 2048]",N/A,self_attn.v_proj.weight
7,dit_block,BFLOAT16,net.blocks.7.adaln_modulation_cross_attn.1.weight,,524288,"[256, 2048]",N/A,adaln_modulation_cross_attn.1.weight
7,dit_block,BFLOAT16,net.blocks.7.adaln_modulation_cross_attn.2.weight,,1572864,"[6144, 256]",N/A,adaln_modulation_cross_attn.2.weight
7,dit_block,BFLOAT16,net.blocks.7.adaln_modulation_mlp.1.weight,,524288,"[256, 2048]",N/A,adaln_modulation_mlp.1.weight
7,dit_block,BFLOAT16,net.blocks.7.adaln_modulation_mlp.2.weight,,1572864,"[6144, 256]",N/A,adaln_modulation_mlp.2.weight
7,dit_block,BFLOAT16,net.blocks.7.adaln_modulation_self_attn.1.weight,,524288,"[256, 2048]",N/A,adaln_modulation_self_attn.1.weight
7,dit_block,BFLOAT16,net.blocks.7.adaln_modulation_self_attn.2.weight,,1572864,"[6144, 256]",N/A,adaln_modulation_self_attn.2.weight
7,dit_block,BFLOAT16,net.blocks.7.cross_attn.k_norm.weight,,128,[128],N/A,cross_attn.k_norm.weight
7,dit_block,BFLOAT16,net.blocks.7.cross_attn.k_proj.weight,,2097152,"[2048, 1024]",N/A,cross_attn.k_proj.weight
7,dit_block,BFLOAT16,net.blocks.7.cross_attn.output_proj.weight,,4194304,"[2048, 2048]",N/A,cross_attn.output_proj.weight
7,dit_block,BFLOAT16,net.blocks.7.cross_attn.q_norm.weight,,128,[128],N/A,cross_attn.q_norm.weight
7,dit_block,BFLOAT16,net.blocks.7.cross_attn.q_proj.weight,,4194304,"[2048, 2048]",N/A,cross_attn.q_proj.weight
7,dit_block,BFLOAT16,net.blocks.7.cross_attn.v_proj.weight,,2097152,"[2048, 1024]",N/A,cross_attn.v_proj.weight
7,dit_block,BFLOAT16,net.blocks.7.mlp.layer1.weight,,16777216,"[8192, 2048]",N/A,mlp.layer1.weight
7,dit_block,BFLOAT16,net.blocks.7.mlp.layer2.weight,,16777216,"[2048, 8192]",N/A,mlp.layer2.weight
7,dit_block,BFLOAT16,net.blocks.7.self_attn.k_norm.weight,,128,[128],N/A,self_attn.k_norm.weight
7,dit_block,BFLOAT16,net.blocks.7.self_attn.k_proj.weight,,4194304,"[2048, 2048]",N/A,self_attn.k_proj.weight
7,dit_block,BFLOAT16,net.blocks.7.self_attn.output_proj.weight,,4194304,"[2048, 2048]",N/A,self_attn.output_proj.weight
7,dit_block,BFLOAT16,net.blocks.7.self_attn.q_norm.weight,,128,[128],N/A,self_attn.q_norm.weight
7,dit_block,BFLOAT16,net.blocks.7.self_attn.q_proj.weight,,4194304,"[2048, 2048]",N/A,self_attn.q_proj.weight
7,dit_block,BFLOAT16,net.blocks.7.self_attn.v_proj.weight,,4194304,"[2048, 2048]",N/A,self_attn.v_proj.weight
8,dit_block,BFLOAT16,net.blocks.8.adaln_modulation_cross_attn.1.weight,,524288,"[256, 2048]",N/A,adaln_modulation_cross_attn.1.weight
8,dit_block,BFLOAT16,net.blocks.8.adaln_modulation_cross_attn.2.weight,,1572864,"[6144, 256]",N/A,adaln_modulation_cross_attn.2.weight
8,dit_block,BFLOAT16,net.blocks.8.adaln_modulation_mlp.1.weight,,524288,"[256, 2048]",N/A,adaln_modulation_mlp.1.weight
8,dit_block,BFLOAT16,net.blocks.8.adaln_modulation_mlp.2.weight,,1572864,"[6144, 256]",N/A,adaln_modulation_mlp.2.weight
8,dit_block,BFLOAT16,net.blocks.8.adaln_modulation_self_attn.1.weight,,524288,"[256, 2048]",N/A,adaln_modulation_self_attn.1.weight
8,dit_block,BFLOAT16,net.blocks.8.adaln_modulation_self_attn.2.weight,,1572864,"[6144, 256]",N/A,adaln_modulation_self_attn.2.weight
8,dit_block,BFLOAT16,net.blocks.8.cross_attn.k_norm.weight,,128,[128],N/A,cross_attn.k_norm.weight
8,dit_block,BFLOAT16,net.blocks.8.cross_attn.k_proj.weight,,2097152,"[2048, 1024]",N/A,cross_attn.k_proj.weight
8,dit_block,BFLOAT16,net.blocks.8.cross_attn.output_proj.weight,,4194304,"[2048, 2048]",N/A,cross_attn.output_proj.weight
8,dit_block,BFLOAT16,net.blocks.8.cross_attn.q_norm.weight,,128,[128],N/A,cross_attn.q_norm.weight
8,dit_block,BFLOAT16,net.blocks.8.cross_attn.q_proj.weight,,4194304,"[2048, 2048]",N/A,cross_attn.q_proj.weight
8,dit_block,BFLOAT16,net.blocks.8.cross_attn.v_proj.weight,,2097152,"[2048, 1024]",N/A,cross_attn.v_proj.weight
8,dit_block,BFLOAT16,net.blocks.8.mlp.layer1.weight,,16777216,"[8192, 2048]",N/A,mlp.layer1.weight
8,dit_block,BFLOAT16,net.blocks.8.mlp.layer2.weight,,16777216,"[2048, 8192]",N/A,mlp.layer2.weight
8,dit_block,BFLOAT16,net.blocks.8.self_attn.k_norm.weight,,128,[128],N/A,self_attn.k_norm.weight
8,dit_block,BFLOAT16,net.blocks.8.self_attn.k_proj.weight,,4194304,"[2048, 2048]",N/A,self_attn.k_proj.weight
8,dit_block,BFLOAT16,net.blocks.8.self_attn.output_proj.weight,,4194304,"[2048, 2048]",N/A,self_attn.output_proj.weight
8,dit_block,BFLOAT16,net.blocks.8.self_attn.q_norm.weight,,128,[128],N/A,self_attn.q_norm.weight
8,dit_block,BFLOAT16,net.blocks.8.self_attn.q_proj.weight,,4194304,"[2048, 2048]",N/A,self_attn.q_proj.weight
8,dit_block,BFLOAT16,net.blocks.8.self_attn.v_proj.weight,,4194304,"[2048, 2048]",N/A,self_attn.v_proj.weight
9,dit_block,BFLOAT16,net.blocks.9.adaln_modulation_cross_attn.1.weight,,524288,"[256, 2048]",N/A,adaln_modulation_cross_attn.1.weight
9,dit_block,BFLOAT16,net.blocks.9.adaln_modulation_cross_attn.2.weight,,1572864,"[6144, 256]",N/A,adaln_modulation_cross_attn.2.weight
9,dit_block,BFLOAT16,net.blocks.9.adaln_modulation_mlp.1.weight,,524288,"[256, 2048]",N/A,adaln_modulation_mlp.1.weight
9,dit_block,BFLOAT16,net.blocks.9.adaln_modulation_mlp.2.weight,,1572864,"[6144, 256]",N/A,adaln_modulation_mlp.2.weight
9,dit_block,BFLOAT16,net.blocks.9.adaln_modulation_self_attn.1.weight,,524288,"[256, 2048]",N/A,adaln_modulation_self_attn.1.weight
9,dit_block,BFLOAT16,net.blocks.9.adaln_modulation_self_attn.2.weight,,1572864,"[6144, 256]",N/A,adaln_modulation_self_attn.2.weight
9,dit_block,BFLOAT16,net.blocks.9.cross_attn.k_norm.weight,,128,[128],N/A,cross_attn.k_norm.weight
9,dit_block,BFLOAT16,net.blocks.9.cross_attn.k_proj.weight,,2097152,"[2048, 1024]",N/A,cross_attn.k_proj.weight
9,dit_block,BFLOAT16,net.blocks.9.cross_attn.output_proj.weight,,4194304,"[2048, 2048]",N/A,cross_attn.output_proj.weight
9,dit_block,BFLOAT16,net.blocks.9.cross_attn.q_norm.weight,,128,[128],N/A,cross_attn.q_norm.weight
9,dit_block,BFLOAT16,net.blocks.9.cross_attn.q_proj.weight,,4194304,"[2048, 2048]",N/A,cross_attn.q_proj.weight
9,dit_block,BFLOAT16,net.blocks.9.cross_attn.v_proj.weight,,2097152,"[2048, 1024]",N/A,cross_attn.v_proj.weight
9,dit_block,BFLOAT16,net.blocks.9.mlp.layer1.weight,,16777216,"[8192, 2048]",N/A,mlp.layer1.weight
9,dit_block,BFLOAT16,net.blocks.9.mlp.layer2.weight,,16777216,"[2048, 8192]",N/A,mlp.layer2.weight
9,dit_block,BFLOAT16,net.blocks.9.self_attn.k_norm.weight,,128,[128],N/A,self_attn.k_norm.weight
9,dit_block,BFLOAT16,net.blocks.9.self_attn.k_proj.weight,,4194304,"[2048, 2048]",N/A,self_attn.k_proj.weight
9,dit_block,BFLOAT16,net.blocks.9.self_attn.output_proj.weight,,4194304,"[2048, 2048]",N/A,self_attn.output_proj.weight
9,dit_block,BFLOAT16,net.blocks.9.self_attn.q_norm.weight,,128,[128],N/A,self_attn.q_norm.weight
9,dit_block,BFLOAT16,net.blocks.9.self_attn.q_proj.weight,,4194304,"[2048, 2048]",N/A,self_attn.q_proj.weight
9,dit_block,BFLOAT16,net.blocks.9.self_attn.v_proj.weight,,4194304,"[2048, 2048]",N/A,self_attn.v_proj.weight
,other,BFLOAT16,net.final_layer.adaln_modulation.1.weight,,524288,"[256, 2048]",N/A,net.final_layer.adaln_modulation.1.weight
,other,BFLOAT16,net.final_layer.adaln_modulation.2.weight,,1048576,"[4096, 256]",N/A,net.final_layer.adaln_modulation.2.weight
,other,BFLOAT16,net.final_layer.linear.weight,,131072,"[64, 2048]",N/A,net.final_layer.linear.weight
0,llm_adapter,BFLOAT16,net.llm_adapter.blocks.0.cross_attn.k_norm.weight,,64,[64],N/A,net.llm_adapter.blocks.0.cross_attn.k_norm.weight
0,llm_adapter,BFLOAT16,net.llm_adapter.blocks.0.cross_attn.k_proj.weight,,1048576,"[1024, 1024]",N/A,net.llm_adapter.blocks.0.cross_attn.k_proj.weight
0,llm_adapter,BFLOAT16,net.llm_adapter.blocks.0.cross_attn.o_proj.weight,,1048576,"[1024, 1024]",N/A,net.llm_adapter.blocks.0.cross_attn.o_proj.weight
0,llm_adapter,BFLOAT16,net.llm_adapter.blocks.0.cross_attn.q_norm.weight,,64,[64],N/A,net.llm_adapter.blocks.0.cross_attn.q_norm.weight
0,llm_adapter,BFLOAT16,net.llm_adapter.blocks.0.cross_attn.q_proj.weight,,1048576,"[1024, 1024]",N/A,net.llm_adapter.blocks.0.cross_attn.q_proj.weight
0,llm_adapter,BFLOAT16,net.llm_adapter.blocks.0.cross_attn.v_proj.weight,,1048576,"[1024, 1024]",N/A,net.llm_adapter.blocks.0.cross_attn.v_proj.weight
0,llm_adapter,BFLOAT16,net.llm_adapter.blocks.0.mlp.0.bias,,4096,[4096],N/A,net.llm_adapter.blocks.0.mlp.0.bias
0,llm_adapter,BFLOAT16,net.llm_adapter.blocks.0.mlp.0.weight,,4194304,"[4096, 1024]",N/A,net.llm_adapter.blocks.0.mlp.0.weight
0,llm_adapter,BFLOAT16,net.llm_adapter.blocks.0.mlp.2.bias,,1024,[1024],N/A,net.llm_adapter.blocks.0.mlp.2.bias
0,llm_adapter,BFLOAT16,net.llm_adapter.blocks.0.mlp.2.weight,,4194304,"[1024, 4096]",N/A,net.llm_adapter.blocks.0.mlp.2.weight
0,llm_adapter,BFLOAT16,net.llm_adapter.blocks.0.norm_cross_attn.weight,,1024,[1024],N/A,net.llm_adapter.blocks.0.norm_cross_attn.weight
0,llm_adapter,BFLOAT16,net.llm_adapter.blocks.0.norm_mlp.weight,,1024,[1024],N/A,net.llm_adapter.blocks.0.norm_mlp.weight
0,llm_adapter,BFLOAT16,net.llm_adapter.blocks.0.norm_self_attn.weight,,1024,[1024],N/A,net.llm_adapter.blocks.0.norm_self_attn.weight
0,llm_adapter,BFLOAT16,net.llm_adapter.blocks.0.self_attn.k_norm.weight,,64,[64],N/A,net.llm_adapter.blocks.0.self_attn.k_norm.weight
0,llm_adapter,BFLOAT16,net.llm_adapter.blocks.0.self_attn.k_proj.weight,,1048576,"[1024, 1024]",N/A,net.llm_adapter.blocks.0.self_attn.k_proj.weight
0,llm_adapter,BFLOAT16,net.llm_adapter.blocks.0.self_attn.o_proj.weight,,1048576,"[1024, 1024]",N/A,net.llm_adapter.blocks.0.self_attn.o_proj.weight
0,llm_adapter,BFLOAT16,net.llm_adapter.blocks.0.self_attn.q_norm.weight,,64,[64],N/A,net.llm_adapter.blocks.0.self_attn.q_norm.weight
0,llm_adapter,BFLOAT16,net.llm_adapter.blocks.0.self_attn.q_proj.weight,,1048576,"[1024, 1024]",N/A,net.llm_adapter.blocks.0.self_attn.q_proj.weight
0,llm_adapter,BFLOAT16,net.llm_adapter.blocks.0.self_attn.v_proj.weight,,1048576,"[1024, 1024]",N/A,net.llm_adapter.blocks.0.self_attn.v_proj.weight
1,llm_adapter,BFLOAT16,net.llm_adapter.blocks.1.cross_attn.k_norm.weight,,64,[64],N/A,net.llm_adapter.blocks.1.cross_attn.k_norm.weight
1,llm_adapter,BFLOAT16,net.llm_adapter.blocks.1.cross_attn.k_proj.weight,,1048576,"[1024, 1024]",N/A,net.llm_adapter.blocks.1.cross_attn.k_proj.weight
1,llm_adapter,BFLOAT16,net.llm_adapter.blocks.1.cross_attn.o_proj.weight,,1048576,"[1024, 1024]",N/A,net.llm_adapter.blocks.1.cross_attn.o_proj.weight
1,llm_adapter,BFLOAT16,net.llm_adapter.blocks.1.cross_attn.q_norm.weight,,64,[64],N/A,net.llm_adapter.blocks.1.cross_attn.q_norm.weight
1,llm_adapter,BFLOAT16,net.llm_adapter.blocks.1.cross_attn.q_proj.weight,,1048576,"[1024, 1024]",N/A,net.llm_adapter.blocks.1.cross_attn.q_proj.weight
1,llm_adapter,BFLOAT16,net.llm_adapter.blocks.1.cross_attn.v_proj.weight,,1048576,"[1024, 1024]",N/A,net.llm_adapter.blocks.1.cross_attn.v_proj.weight
1,llm_adapter,BFLOAT16,net.llm_adapter.blocks.1.mlp.0.bias,,4096,[4096],N/A,net.llm_adapter.blocks.1.mlp.0.bias
1,llm_adapter,BFLOAT16,net.llm_adapter.blocks.1.mlp.0.weight,,4194304,"[4096, 1024]",N/A,net.llm_adapter.blocks.1.mlp.0.weight
1,llm_adapter,BFLOAT16,net.llm_adapter.blocks.1.mlp.2.bias,,1024,[1024],N/A,net.llm_adapter.blocks.1.mlp.2.bias
1,llm_adapter,BFLOAT16,net.llm_adapter.blocks.1.mlp.2.weight,,4194304,"[1024, 4096]",N/A,net.llm_adapter.blocks.1.mlp.2.weight
1,llm_adapter,BFLOAT16,net.llm_adapter.blocks.1.norm_cross_attn.weight,,1024,[1024],N/A,net.llm_adapter.blocks.1.norm_cross_attn.weight
1,llm_adapter,BFLOAT16,net.llm_adapter.blocks.1.norm_mlp.weight,,1024,[1024],N/A,net.llm_adapter.blocks.1.norm_mlp.weight
1,llm_adapter,BFLOAT16,net.llm_adapter.blocks.1.norm_self_attn.weight,,1024,[1024],N/A,net.llm_adapter.blocks.1.norm_self_attn.weight
1,llm_adapter,BFLOAT16,net.llm_adapter.blocks.1.self_attn.k_norm.weight,,64,[64],N/A,net.llm_adapter.blocks.1.self_attn.k_norm.weight
1,llm_adapter,BFLOAT16,net.llm_adapter.blocks.1.self_attn.k_proj.weight,,1048576,"[1024, 1024]",N/A,net.llm_adapter.blocks.1.self_attn.k_proj.weight
1,llm_adapter,BFLOAT16,net.llm_adapter.blocks.1.self_attn.o_proj.weight,,1048576,"[1024, 1024]",N/A,net.llm_adapter.blocks.1.self_attn.o_proj.weight
1,llm_adapter,BFLOAT16,net.llm_adapter.blocks.1.self_attn.q_norm.weight,,64,[64],N/A,net.llm_adapter.blocks.1.self_attn.q_norm.weight
1,llm_adapter,BFLOAT16,net.llm_adapter.blocks.1.self_attn.q_proj.weight,,1048576,"[1024, 1024]",N/A,net.llm_adapter.blocks.1.self_attn.q_proj.weight
1,llm_adapter,BFLOAT16,net.llm_adapter.blocks.1.self_attn.v_proj.weight,,1048576,"[1024, 1024]",N/A,net.llm_adapter.blocks.1.self_attn.v_proj.weight
2,llm_adapter,BFLOAT16,net.llm_adapter.blocks.2.cross_attn.k_norm.weight,,64,[64],N/A,net.llm_adapter.blocks.2.cross_attn.k_norm.weight
2,llm_adapter,BFLOAT16,net.llm_adapter.blocks.2.cross_attn.k_proj.weight,,1048576,"[1024, 1024]",N/A,net.llm_adapter.blocks.2.cross_attn.k_proj.weight
2,llm_adapter,BFLOAT16,net.llm_adapter.blocks.2.cross_attn.o_proj.weight,,1048576,"[1024, 1024]",N/A,net.llm_adapter.blocks.2.cross_attn.o_proj.weight
2,llm_adapter,BFLOAT16,net.llm_adapter.blocks.2.cross_attn.q_norm.weight,,64,[64],N/A,net.llm_adapter.blocks.2.cross_attn.q_norm.weight
2,llm_adapter,BFLOAT16,net.llm_adapter.blocks.2.cross_attn.q_proj.weight,,1048576,"[1024, 1024]",N/A,net.llm_adapter.blocks.2.cross_attn.q_proj.weight
2,llm_adapter,BFLOAT16,net.llm_adapter.blocks.2.cross_attn.v_proj.weight,,1048576,"[1024, 1024]",N/A,net.llm_adapter.blocks.2.cross_attn.v_proj.weight
2,llm_adapter,BFLOAT16,net.llm_adapter.blocks.2.mlp.0.bias,,4096,[4096],N/A,net.llm_adapter.blocks.2.mlp.0.bias
2,llm_adapter,BFLOAT16,net.llm_adapter.blocks.2.mlp.0.weight,,4194304,"[4096, 1024]",N/A,net.llm_adapter.blocks.2.mlp.0.weight
2,llm_adapter,BFLOAT16,net.llm_adapter.blocks.2.mlp.2.bias,,1024,[1024],N/A,net.llm_adapter.blocks.2.mlp.2.bias
2,llm_adapter,BFLOAT16,net.llm_adapter.blocks.2.mlp.2.weight,,4194304,"[1024, 4096]",N/A,net.llm_adapter.blocks.2.mlp.2.weight
2,llm_adapter,BFLOAT16,net.llm_adapter.blocks.2.norm_cross_attn.weight,,1024,[1024],N/A,net.llm_adapter.blocks.2.norm_cross_attn.weight
2,llm_adapter,BFLOAT16,net.llm_adapter.blocks.2.norm_mlp.weight,,1024,[1024],N/A,net.llm_adapter.blocks.2.norm_mlp.weight
2,llm_adapter,BFLOAT16,net.llm_adapter.blocks.2.norm_self_attn.weight,,1024,[1024],N/A,net.llm_adapter.blocks.2.norm_self_attn.weight
2,llm_adapter,BFLOAT16,net.llm_adapter.blocks.2.self_attn.k_norm.weight,,64,[64],N/A,net.llm_adapter.blocks.2.self_attn.k_norm.weight
2,llm_adapter,BFLOAT16,net.llm_adapter.blocks.2.self_attn.k_proj.weight,,1048576,"[1024, 1024]",N/A,net.llm_adapter.blocks.2.self_attn.k_proj.weight
2,llm_adapter,BFLOAT16,net.llm_adapter.blocks.2.self_attn.o_proj.weight,,1048576,"[1024, 1024]",N/A,net.llm_adapter.blocks.2.self_attn.o_proj.weight
2,llm_adapter,BFLOAT16,net.llm_adapter.blocks.2.self_attn.q_norm.weight,,64,[64],N/A,net.llm_adapter.blocks.2.self_attn.q_norm.weight
2,llm_adapter,BFLOAT16,net.llm_adapter.blocks.2.self_attn.q_proj.weight,,1048576,"[1024, 1024]",N/A,net.llm_adapter.blocks.2.self_attn.q_proj.weight
2,llm_adapter,BFLOAT16,net.llm_adapter.blocks.2.self_attn.v_proj.weight,,1048576,"[1024, 1024]",N/A,net.llm_adapter.blocks.2.self_attn.v_proj.weight
3,llm_adapter,BFLOAT16,net.llm_adapter.blocks.3.cross_attn.k_norm.weight,,64,[64],N/A,net.llm_adapter.blocks.3.cross_attn.k_norm.weight
3,llm_adapter,BFLOAT16,net.llm_adapter.blocks.3.cross_attn.k_proj.weight,,1048576,"[1024, 1024]",N/A,net.llm_adapter.blocks.3.cross_attn.k_proj.weight
3,llm_adapter,BFLOAT16,net.llm_adapter.blocks.3.cross_attn.o_proj.weight,,1048576,"[1024, 1024]",N/A,net.llm_adapter.blocks.3.cross_attn.o_proj.weight
3,llm_adapter,BFLOAT16,net.llm_adapter.blocks.3.cross_attn.q_norm.weight,,64,[64],N/A,net.llm_adapter.blocks.3.cross_attn.q_norm.weight
3,llm_adapter,BFLOAT16,net.llm_adapter.blocks.3.cross_attn.q_proj.weight,,1048576,"[1024, 1024]",N/A,net.llm_adapter.blocks.3.cross_attn.q_proj.weight
3,llm_adapter,BFLOAT16,net.llm_adapter.blocks.3.cross_attn.v_proj.weight,,1048576,"[1024, 1024]",N/A,net.llm_adapter.blocks.3.cross_attn.v_proj.weight
3,llm_adapter,BFLOAT16,net.llm_adapter.blocks.3.mlp.0.bias,,4096,[4096],N/A,net.llm_adapter.blocks.3.mlp.0.bias
3,llm_adapter,BFLOAT16,net.llm_adapter.blocks.3.mlp.0.weight,,4194304,"[4096, 1024]",N/A,net.llm_adapter.blocks.3.mlp.0.weight
3,llm_adapter,BFLOAT16,net.llm_adapter.blocks.3.mlp.2.bias,,1024,[1024],N/A,net.llm_adapter.blocks.3.mlp.2.bias
3,llm_adapter,BFLOAT16,net.llm_adapter.blocks.3.mlp.2.weight,,4194304,"[1024, 4096]",N/A,net.llm_adapter.blocks.3.mlp.2.weight
3,llm_adapter,BFLOAT16,net.llm_adapter.blocks.3.norm_cross_attn.weight,,1024,[1024],N/A,net.llm_adapter.blocks.3.norm_cross_attn.weight
3,llm_adapter,BFLOAT16,net.llm_adapter.blocks.3.norm_mlp.weight,,1024,[1024],N/A,net.llm_adapter.blocks.3.norm_mlp.weight
3,llm_adapter,BFLOAT16,net.llm_adapter.blocks.3.norm_self_attn.weight,,1024,[1024],N/A,net.llm_adapter.blocks.3.norm_self_attn.weight
3,llm_adapter,BFLOAT16,net.llm_adapter.blocks.3.self_attn.k_norm.weight,,64,[64],N/A,net.llm_adapter.blocks.3.self_attn.k_norm.weight
3,llm_adapter,BFLOAT16,net.llm_adapter.blocks.3.self_attn.k_proj.weight,,1048576,"[1024, 1024]",N/A,net.llm_adapter.blocks.3.self_attn.k_proj.weight
3,llm_adapter,BFLOAT16,net.llm_adapter.blocks.3.self_attn.o_proj.weight,,1048576,"[1024, 1024]",N/A,net.llm_adapter.blocks.3.self_attn.o_proj.weight
3,llm_adapter,BFLOAT16,net.llm_adapter.blocks.3.self_attn.q_norm.weight,,64,[64],N/A,net.llm_adapter.blocks.3.self_attn.q_norm.weight
3,llm_adapter,BFLOAT16,net.llm_adapter.blocks.3.self_attn.q_proj.weight,,1048576,"[1024, 1024]",N/A,net.llm_adapter.blocks.3.self_attn.q_proj.weight
3,llm_adapter,BFLOAT16,net.llm_adapter.blocks.3.self_attn.v_proj.weight,,1048576,"[1024, 1024]",N/A,net.llm_adapter.blocks.3.self_attn.v_proj.weight
4,llm_adapter,BFLOAT16,net.llm_adapter.blocks.4.cross_attn.k_norm.weight,,64,[64],N/A,net.llm_adapter.blocks.4.cross_attn.k_norm.weight
4,llm_adapter,BFLOAT16,net.llm_adapter.blocks.4.cross_attn.k_proj.weight,,1048576,"[1024, 1024]",N/A,net.llm_adapter.blocks.4.cross_attn.k_proj.weight
4,llm_adapter,BFLOAT16,net.llm_adapter.blocks.4.cross_attn.o_proj.weight,,1048576,"[1024, 1024]",N/A,net.llm_adapter.blocks.4.cross_attn.o_proj.weight
4,llm_adapter,BFLOAT16,net.llm_adapter.blocks.4.cross_attn.q_norm.weight,,64,[64],N/A,net.llm_adapter.blocks.4.cross_attn.q_norm.weight
4,llm_adapter,BFLOAT16,net.llm_adapter.blocks.4.cross_attn.q_proj.weight,,1048576,"[1024, 1024]",N/A,net.llm_adapter.blocks.4.cross_attn.q_proj.weight
4,llm_adapter,BFLOAT16,net.llm_adapter.blocks.4.cross_attn.v_proj.weight,,1048576,"[1024, 1024]",N/A,net.llm_adapter.blocks.4.cross_attn.v_proj.weight
4,llm_adapter,BFLOAT16,net.llm_adapter.blocks.4.mlp.0.bias,,4096,[4096],N/A,net.llm_adapter.blocks.4.mlp.0.bias
4,llm_adapter,BFLOAT16,net.llm_adapter.blocks.4.mlp.0.weight,,4194304,"[4096, 1024]",N/A,net.llm_adapter.blocks.4.mlp.0.weight
4,llm_adapter,BFLOAT16,net.llm_adapter.blocks.4.mlp.2.bias,,1024,[1024],N/A,net.llm_adapter.blocks.4.mlp.2.bias
4,llm_adapter,BFLOAT16,net.llm_adapter.blocks.4.mlp.2.weight,,4194304,"[1024, 4096]",N/A,net.llm_adapter.blocks.4.mlp.2.weight
4,llm_adapter,BFLOAT16,net.llm_adapter.blocks.4.norm_cross_attn.weight,,1024,[1024],N/A,net.llm_adapter.blocks.4.norm_cross_attn.weight
4,llm_adapter,BFLOAT16,net.llm_adapter.blocks.4.norm_mlp.weight,,1024,[1024],N/A,net.llm_adapter.blocks.4.norm_mlp.weight
4,llm_adapter,BFLOAT16,net.llm_adapter.blocks.4.norm_self_attn.weight,,1024,[1024],N/A,net.llm_adapter.blocks.4.norm_self_attn.weight
4,llm_adapter,BFLOAT16,net.llm_adapter.blocks.4.self_attn.k_norm.weight,,64,[64],N/A,net.llm_adapter.blocks.4.self_attn.k_norm.weight
4,llm_adapter,BFLOAT16,net.llm_adapter.blocks.4.self_attn.k_proj.weight,,1048576,"[1024, 1024]",N/A,net.llm_adapter.blocks.4.self_attn.k_proj.weight
4,llm_adapter,BFLOAT16,net.llm_adapter.blocks.4.self_attn.o_proj.weight,,1048576,"[1024, 1024]",N/A,net.llm_adapter.blocks.4.self_attn.o_proj.weight
4,llm_adapter,BFLOAT16,net.llm_adapter.blocks.4.self_attn.q_norm.weight,,64,[64],N/A,net.llm_adapter.blocks.4.self_attn.q_norm.weight
4,llm_adapter,BFLOAT16,net.llm_adapter.blocks.4.self_attn.q_proj.weight,,1048576,"[1024, 1024]",N/A,net.llm_adapter.blocks.4.self_attn.q_proj.weight
4,llm_adapter,BFLOAT16,net.llm_adapter.blocks.4.self_attn.v_proj.weight,,1048576,"[1024, 1024]",N/A,net.llm_adapter.blocks.4.self_attn.v_proj.weight
5,llm_adapter,BFLOAT16,net.llm_adapter.blocks.5.cross_attn.k_norm.weight,,64,[64],N/A,net.llm_adapter.blocks.5.cross_attn.k_norm.weight
5,llm_adapter,BFLOAT16,net.llm_adapter.blocks.5.cross_attn.k_proj.weight,,1048576,"[1024, 1024]",N/A,net.llm_adapter.blocks.5.cross_attn.k_proj.weight
5,llm_adapter,BFLOAT16,net.llm_adapter.blocks.5.cross_attn.o_proj.weight,,1048576,"[1024, 1024]",N/A,net.llm_adapter.blocks.5.cross_attn.o_proj.weight
5,llm_adapter,BFLOAT16,net.llm_adapter.blocks.5.cross_attn.q_norm.weight,,64,[64],N/A,net.llm_adapter.blocks.5.cross_attn.q_norm.weight
5,llm_adapter,BFLOAT16,net.llm_adapter.blocks.5.cross_attn.q_proj.weight,,1048576,"[1024, 1024]",N/A,net.llm_adapter.blocks.5.cross_attn.q_proj.weight
5,llm_adapter,BFLOAT16,net.llm_adapter.blocks.5.cross_attn.v_proj.weight,,1048576,"[1024, 1024]",N/A,net.llm_adapter.blocks.5.cross_attn.v_proj.weight
5,llm_adapter,BFLOAT16,net.llm_adapter.blocks.5.mlp.0.bias,,4096,[4096],N/A,net.llm_adapter.blocks.5.mlp.0.bias
5,llm_adapter,BFLOAT16,net.llm_adapter.blocks.5.mlp.0.weight,,4194304,"[4096, 1024]",N/A,net.llm_adapter.blocks.5.mlp.0.weight
5,llm_adapter,BFLOAT16,net.llm_adapter.blocks.5.mlp.2.bias,,1024,[1024],N/A,net.llm_adapter.blocks.5.mlp.2.bias
5,llm_adapter,BFLOAT16,net.llm_adapter.blocks.5.mlp.2.weight,,4194304,"[1024, 4096]",N/A,net.llm_adapter.blocks.5.mlp.2.weight
5,llm_adapter,BFLOAT16,net.llm_adapter.blocks.5.norm_cross_attn.weight,,1024,[1024],N/A,net.llm_adapter.blocks.5.norm_cross_attn.weight
5,llm_adapter,BFLOAT16,net.llm_adapter.blocks.5.norm_mlp.weight,,1024,[1024],N/A,net.llm_adapter.blocks.5.norm_mlp.weight
5,llm_adapter,BFLOAT16,net.llm_adapter.blocks.5.norm_self_attn.weight,,1024,[1024],N/A,net.llm_adapter.blocks.5.norm_self_attn.weight
5,llm_adapter,BFLOAT16,net.llm_adapter.blocks.5.self_attn.k_norm.weight,,64,[64],N/A,net.llm_adapter.blocks.5.self_attn.k_norm.weight
5,llm_adapter,BFLOAT16,net.llm_adapter.blocks.5.self_attn.k_proj.weight,,1048576,"[1024, 1024]",N/A,net.llm_adapter.blocks.5.self_attn.k_proj.weight
5,llm_adapter,BFLOAT16,net.llm_adapter.blocks.5.self_attn.o_proj.weight,,1048576,"[1024, 1024]",N/A,net.llm_adapter.blocks.5.self_attn.o_proj.weight
5,llm_adapter,BFLOAT16,net.llm_adapter.blocks.5.self_attn.q_norm.weight,,64,[64],N/A,net.llm_adapter.blocks.5.self_attn.q_norm.weight
5,llm_adapter,BFLOAT16,net.llm_adapter.blocks.5.self_attn.q_proj.weight,,1048576,"[1024, 1024]",N/A,net.llm_adapter.blocks.5.self_attn.q_proj.weight
5,llm_adapter,BFLOAT16,net.llm_adapter.blocks.5.self_attn.v_proj.weight,,1048576,"[1024, 1024]",N/A,net.llm_adapter.blocks.5.self_attn.v_proj.weight
,llm_adapter_other,BFLOAT16,net.llm_adapter.embed.weight,,32899072,"[32128, 1024]",N/A,net.llm_adapter.embed.weight
,llm_adapter_other,BFLOAT16,net.llm_adapter.norm.weight,,1024,[1024],N/A,net.llm_adapter.norm.weight
,llm_adapter_other,BFLOAT16,net.llm_adapter.out_proj.bias,,1024,[1024],N/A,net.llm_adapter.out_proj.bias
,llm_adapter_other,BFLOAT16,net.llm_adapter.out_proj.weight,,1048576,"[1024, 1024]",N/A,net.llm_adapter.out_proj.weight
,other,BFLOAT16,net.pos_embedder.dim_spatial_range,,21,[21],N/A,net.pos_embedder.dim_spatial_range
,other,BFLOAT16,net.pos_embedder.dim_temporal_range,,22,[22],N/A,net.pos_embedder.dim_temporal_range
,other,BFLOAT16,net.pos_embedder.seq,,256,[256],N/A,net.pos_embedder.seq
,other,BFLOAT16,net.t_embedder.1.linear_1.weight,,4194304,"[2048, 2048]",N/A,net.t_embedder.1.linear_1.weight
,other,BFLOAT16,net.t_embedder.1.linear_2.weight,,12582912,"[6144, 2048]",N/A,net.t_embedder.1.linear_2.weight
,other,BFLOAT16,net.t_embedding_norm.weight,,2048,[2048],N/A,net.t_embedding_norm.weight
,other,BFLOAT16,net.x_embedder.proj.1.weight,,139264,"[2048, 68]",N/A,net.x_embedder.proj.1.weight
